GEOID,county,state,women_65plus,women_65plus_moe,n_urogyn_in_county,miles_to_nearest,n_urogyn_within_50mi,n_urogyn_within_100mi,women65_per_urogyn_100mi,centroid_lon,centroid_lat
38009,Bottineau,ND,822,108,0,413.3,0,0,,-100.8254,48.7918
38079,Rolette,ND,865,129,0,384.3,0,0,,-99.841,48.7724
38075,Renville,ND,228,49,0,380.5,0,0,,-101.6538,48.721
38049,McHenry,ND,562,75,0,375.8,0,0,,-100.6442,48.2335
38101,Ward,ND,5094,413,0,368.2,0,0,,-101.5437,48.2238
38069,Pierce,ND,505,85,0,362,0,0,,-99.981,48.2495
38055,McLean,ND,1229,123,0,358.8,0,0,,-101.3182,47.6077
38095,Towner,ND,314,80,0,356.7,0,0,,-99.2456,48.6856
38013,Burke,ND,250,46,0,350.5,0,0,,-102.5182,48.791
38005,Benson,ND,456,72,0,338.8,0,0,,-99.3691,48.0687
38061,Mountrail,ND,642,98,0,334.5,0,0,,-102.3556,48.2019
38065,Oliver,ND,204,43,0,334.4,0,0,,-101.3429,47.1188
38057,Mercer,ND,954,130,0,331.5,0,0,,-101.8389,47.3133
38083,Sheridan,ND,238,47,0,330,0,0,,-100.3426,47.5771
38019,Cavalier,ND,504,75,0,325.5,0,0,,-98.4668,48.7729
38071,Ramsey,ND,1390,218,0,325.2,0,0,,-98.7222,48.2689
38023,Divide,ND,239,64,0,317.4,0,0,,-103.4875,48.815
38103,Wells,ND,546,80,0,314.4,0,0,,-99.659,47.5861
38059,Morton,ND,3024,368,0,312.8,0,0,,-101.2821,46.7168
38037,Grant,ND,318,45,0,309.6,0,0,,-101.639,46.3582
38027,Eddy,ND,315,60,0,308.2,0,0,,-98.9044,47.717
38015,Burleigh,ND,9509,581,0,299.9,0,0,,-100.4646,46.9786
38025,Dunn,ND,369,64,0,298.2,0,0,,-102.616,47.3542
38105,Williams,ND,2070,425,0,296.9,0,0,,-103.4793,48.3453
38063,Nelson,ND,431,68,0,295.5,0,0,,-98.1903,47.9226
38031,Foster,ND,429,69,0,291.1,0,0,,-98.8828,47.4571
38041,Hettinger,ND,326,59,0,288.4,0,0,,-102.463,46.4337
38067,Pembina,ND,844,87,0,287.4,0,0,,-97.5523,48.7662
46093,Meade,SD,2566,323,0,285,0,0,,-102.7163,44.5668
46105,Perkins,SD,391,60,0,285,0,0,,-102.4756,45.4905
38089,Stark,ND,2385,262,0,284.6,0,0,,-102.6575,46.8085
38099,Walsh,ND,1211,121,0,283.8,0,0,,-97.7257,48.3688
38001,Adams,ND,334,65,0,282.6,0,0,,-102.5284,46.0968
38039,Griggs,ND,323,60,0,281.5,0,0,,-98.2385,47.4577
38043,Kidder,ND,293,55,0,280.8,0,0,,-99.7708,46.9799
30091,Sheridan,MT,398,72,0,280.1,0,0,,-104.5038,48.7209
38053,McKenzie,ND,646,122,0,276.9,0,0,,-103.3959,47.7413
38085,Sioux,ND,173,30,0,276.8,0,0,,-101.044,46.1133
38091,Steele,ND,263,60,0,268.5,0,0,,-97.7271,47.456
46103,Pennington,SD,11478,718,0,266.8,0,0,,-102.8241,44.0026
46031,Corson,SD,262,35,0,266.4,0,0,,-101.197,45.7089
46137,Ziebach,SD,140,34,0,264,0,0,,-101.6667,44.9799
38035,Grand Forks,ND,5595,467,0,262.4,0,0,,-97.4544,47.9209
38093,Stutsman,ND,2333,254,0,262,0,0,,-98.952,46.9785
27069,Kittson,MN,593,79,0,256.9,0,0,,-96.7832,48.7775
38007,Billings,ND,121,41,0,256.7,0,0,,-103.3763,47.0237
38029,Emmons,ND,499,69,0,256.5,0,0,,-100.239,46.284
30019,Daniels,MT,244,58,0,254.9,0,0,,-105.5476,48.7842
46007,Bennett,SD,279,63,0,248.7,0,0,,-101.6666,43.1949
46055,Haakon,SD,260,76,0,244.9,0,0,,-101.5382,44.2945
46071,Jackson,SD,183,48,0,244.9,0,0,,-101.6255,43.6932
38003,Barnes,ND,1320,155,0,244.6,0,0,,-98.0661,46.9357
38047,Logan,ND,261,46,0,243.1,0,0,,-99.4771,46.4572
30085,Roosevelt,MT,691,92,0,242.6,0,0,,-105.0125,48.2953
38097,Traill,ND,849,85,0,242.4,0,0,,-97.1631,47.4537
38087,Slope,ND,119,31,0,241.9,0,0,,-103.46,46.4474
46019,Butte,SD,1047,189,0,241.4,0,0,,-103.5079,44.9061
46081,Lawrence,SD,3285,370,0,240,0,0,,-103.7929,44.3592
38011,Bowman,ND,373,71,0,235.4,0,0,,-103.5202,46.1128
46063,Harding,SD,109,31,0,235.3,0,0,,-103.4959,45.5802
48061,Cameron,TX,33031,1345,0,234.4,0,0,,-97.4831,26.1467
38033,Golden Valley,ND,212,61,0,233.9,0,0,,-103.8466,46.9402
30083,Richland,MT,1012,149,0,233.8,0,0,,-104.5611,47.7867
46033,Custer,SD,1391,208,0,233.8,0,0,,-103.4538,43.6771
46041,Dewey,SD,277,42,0,233.5,0,0,,-100.8709,45.1564
46102,Oglala Lakota,SD,639,173,0,233.3,0,0,,-102.5555,43.3375
31031,Cherry,NE,625,99,0,231.1,0,0,,-101.1132,42.5462
38017,Cass,ND,13048,779,0,229.6,0,0,,-97.2445,46.932
27089,Marshall,MN,1055,88,0,226.4,0,0,,-96.3702,48.3583
31145,Red Willow,NE,1205,197,0,225.9,0,0,,-100.477,40.1756
20039,Decatur,KS,432,88,0,225.2,0,0,,-100.4594,39.7847
46021,Campbell,SD,228,47,0,225.2,0,0,,-100.051,45.7707
31091,Hooker,NE,116,36,0,223.6,0,0,,-101.1354,41.9159
56045,Weston,WY,739,120,0,223.6,0,0,,-104.5674,43.8403
31111,Lincoln,NE,3779,353,0,222.7,0,0,,-100.7475,41.0466
38051,McIntosh,ND,445,57,0,222.7,0,0,,-99.4415,46.1118
38045,LaMoure,ND,566,67,0,221.1,0,0,,-98.5354,46.4568
27135,Roseau,MN,1466,125,0,219.9,0,0,,-95.8108,48.775
31117,McPherson,NE,33,14,0,218.4,0,0,,-101.0599,41.568
30109,Wibaux,MT,129,48,0,216.8,0,0,,-104.2511,46.9593
31063,Frontier,NE,323,49,0,212.9,0,0,,-100.3925,40.5299
27119,Polk,MN,3117,248,0,212.7,0,0,,-96.4013,47.7737
31171,Thomas,NE,98,29,0,212.3,0,0,,-100.5557,41.9136
48489,Willacy,TX,1647,215,0,210.2,0,0,,-97.6147,26.4764
46129,Walworth,SD,648,103,0,209.2,0,0,,-100.0308,45.4302
27107,Norman,MN,691,73,0,208.4,0,0,,-96.4562,47.3263
48215,Hidalgo,TX,56263,1662,0,208.4,0,0,,-98.1828,26.3941
46117,Stanley,SD,319,92,0,208.2,0,0,,-100.7349,44.4138
38073,Ransom,ND,604,82,0,207.7,0,0,,-97.6574,46.4562
20179,Sheridan,KS,302,48,0,206.7,0,0,,-100.4418,39.3502
31113,Logan,NE,97,28,0,206.7,0,0,,-100.4817,41.5665
30041,Hill,MT,1357,203,0,206.3,0,0,,-110.1129,48.6288
20171,Scott,KS,469,134,0,205.1,0,0,,-100.9067,38.4822
30105,Valley,MT,983,149,0,205.1,0,0,,-106.6691,48.3649
46047,Fall River,SD,1118,160,0,204.3,0,0,,-103.5274,43.239
31085,Hayes,NE,113,32,0,204.1,0,0,,-101.0604,40.5245
27113,Pennington,MN,1399,163,0,203.9,0,0,,-96.0371,48.0664
20137,Norton,KS,581,112,0,203.3,0,0,,-99.9029,39.7844
23003,Aroostook,ME,9063,416,0,202,0,0,,-68.5984,46.6586
27125,Red Lake,MN,424,43,0,201.4,0,0,,-96.0956,47.872
46095,Mellette,SD,175,49,0,201.4,0,0,,-100.7581,43.5806
46121,Todd,SD,397,86,0,201.4,0,0,,-100.7195,43.1934
30021,Dawson,MT,950,176,0,200.1,0,0,,-104.8944,47.2658
46075,Jones,SD,123,49,0,199.8,0,0,,-100.6919,43.9615
31087,Hitchcock,NE,354,42,0,199.3,0,0,,-101.0413,40.1762
31065,Furnas,NE,631,67,0,199,0,0,,-99.9125,40.1764
38021,Dickey,ND,512,74,0,198.8,0,0,,-98.5049,46.1101
27027,Clay,MN,4917,332,0,198.7,0,0,,-96.4876,46.8929
56011,Crook,WY,829,138,0,198.5,0,0,,-104.5699,44.5892
46089,McPherson,SD,357,67,0,197.4,0,0,,-99.2212,45.7663
20109,Logan,KS,316,64,0,196.9,0,0,,-101.1485,38.9174
20203,Wichita,KS,247,75,0,196.8,0,0,,-101.3472,38.4818
20193,Thomas,KS,749,144,0,196.3,0,0,,-101.0554,39.3511
31075,Grant,NE,65,23,0,195.9,0,0,,-101.7407,41.9153
20093,Kearny,KS,366,90,0,195.8,0,0,,-101.3217,38.0002
30005,Blaine,MT,618,89,0,195.6,0,0,,-108.9583,48.4318
30025,Fallon,MT,317,81,0,195.6,0,0,,-104.4184,46.3348
48427,Starr,TX,4175,433,0,195.3,0,0,,-98.7387,26.5614
20153,Rawlins,KS,379,66,0,194.3,0,0,,-101.0762,39.7853
20063,Gove,KS,374,54,0,193.9,0,0,,-100.4829,38.9159
31161,Sheridan,NE,757,100,0,193.2,0,0,,-102.4022,42.5013
46107,Potter,SD,369,53,0,191.6,0,0,,-99.955,45.0658
20075,Hamilton,KS,200,63,0,190.8,0,0,,-101.7921,37.9998
56025,Natrona,WY,6880,450,0,190.8,0,0,,-106.7979,42.9617
20055,Finney,KS,2330,274,0,190.4,0,0,,-100.7382,38.0434
38077,Richland,ND,1681,159,0,189.8,0,0,,-96.9485,46.2644
27077,Lake of the Woods,MN,471,82,0,188.5,0,0,,-94.9028,48.7722
31005,Arthur,NE,52,18,0,187.6,0,0,,-101.6959,41.569
46119,Sully,SD,154,35,0,187.4,0,0,,-100.1281,44.7157
26033,Chippewa,MI,3597,251,0,185.6,0,0,,-84.5435,46.2955
31073,Gosper,NE,212,49,0,185.4,0,0,,-99.8302,40.5148
30011,Carter,MT,180,43,0,185.3,0,0,,-104.5365,45.5169
30055,McCone,MT,235,54,0,185,0,0,,-105.7945,47.6447
38081,Sargent,ND,414,42,0,184.1,0,0,,-97.6322,46.1083
20147,Phillips,KS,606,94,0,183.8,0,0,,-99.3467,39.7847
30071,Phillips,MT,520,114,0,182.9,0,0,,-107.9133,48.2591
31009,Blaine,NE,65,20,0,182.8,0,0,,-99.9768,41.9131
20065,Graham,KS,325,53,0,182.5,0,0,,-99.8833,39.3499
26095,Luce,MI,729,80,0,182.5,0,0,,-85.5447,46.4723
20101,Lane,KS,182,52,0,182.1,0,0,,-100.4661,38.4812
31045,Dawes,NE,869,174,0,181.6,0,0,,-103.1314,42.7198
31101,Keith,NE,1257,169,0,181.2,0,0,,-101.6621,41.1994
48261,Kenedy,TX,16,22,0,179.7,0,0,,-97.6641,26.926
56013,Fremont,WY,4025,317,0,179.4,0,0,,-108.6306,43.0406
46045,Edmunds,SD,458,81,0,179.2,0,0,,-99.2154,45.4185
56027,Niobrara,WY,380,95,0,179.1,0,0,,-104.4759,43.0559
27087,Mahnomen,MN,481,33,0,178.5,0,0,,-95.8092,47.3256
30051,Liberty,MT,220,51,0,178.5,0,0,,-111.0243,48.5608
31017,Brown,NE,426,82,0,178.1,0,0,,-99.929,42.4302
27167,Wilkin,MN,628,85,0,177.7,0,0,,-96.4685,46.3572
31047,Dawson,NE,2049,221,0,177.5,0,0,,-99.8201,40.8703
31135,Perkins,NE,343,54,0,177.3,0,0,,-101.6503,40.8508
32011,Eureka,NV,139,89,0,176.1,0,0,,-116.2683,39.981
31083,Harlan,NE,435,60,0,175.5,0,0,,-99.4044,40.1766
32007,Elko,NV,3373,371,0,175.1,0,0,,-115.3578,41.1453
20071,Greeley,KS,117,33,0,174,0,0,,-101.8061,38.4808
56009,Converse,WY,1204,200,0,173,0,0,,-105.5082,42.9727
46065,Hughes,SD,1595,252,0,172.9,0,0,,-99.9966,44.3909
20069,Gray,KS,464,77,0,172.6,0,0,,-100.4369,37.7384
20081,Haskell,KS,300,68,0,172.6,0,0,,-100.8711,37.562
31029,Chase,NE,499,80,0,172.4,0,0,,-101.6978,40.5237
26097,Mackinac,MI,1593,128,0,170.1,0,0,,-85.0498,46.0703
27005,Becker,MN,3991,242,0,169.2,0,0,,-95.6716,46.9347
08033,Dolores,CO,0,,0,168.5,0,0,,-108.5212,37.7521
48505,Zapata,TX,999,187,0,168.1,0,0,,-99.1699,27.0016
31041,Custer,NE,1256,127,0,167.7,0,0,,-99.7281,41.3937
56005,Campbell,WY,2962,452,0,167.6,0,0,,-105.5474,44.2489
08099,Prowers,CO,0,,0,166.4,0,0,,-102.3926,37.9554
06015,Del Norte,CA,0,,0,166.2,0,0,,-123.8974,41.7423
20067,Grant,KS,447,118,0,166.2,0,0,,-101.308,37.5623
32033,White Pine,NV,796,154,0,166.2,0,0,,-114.9,39.4416
30079,Prairie,MT,202,63,0,166,0,0,,-105.3794,46.8605
20183,Smith,KS,518,68,0,165.9,0,0,,-98.7857,39.7852
31057,Dundy,NE,200,54,0,165.9,0,0,,-101.6873,40.1763
31137,Phelps,NE,1032,142,0,165.4,0,0,,-99.4147,40.5115
20199,Wallace,KS,197,46,0,165.1,0,0,,-101.7639,38.9169
20195,Trego,KS,455,86,0,164.8,0,0,,-99.8728,38.9147
48047,Brooks,TX,780,218,0,164.6,0,0,,-98.2181,27.031
20119,Meade,KS,336,76,0,164.3,0,0,,-100.3648,37.2386
46013,Brown,SD,3761,339,0,163.6,0,0,,-98.3516,45.5899
48377,Presidio,TX,767,279,0,163.3,0,0,,-104.2408,29.9995
27029,Clearwater,MN,916,75,0,163.2,0,0,,-95.3783,47.5788
20187,Stanton,KS,125,50,0,163.1,0,0,,-101.7844,37.563
08083,Montezuma,CO,0,,0,162.8,0,0,,-108.5959,37.3386
48247,Jim Hogg,TX,232,67,0,162,0,0,,-98.6972,27.0425
20181,Sherman,KS,661,160,0,161,0,0,,-101.7198,39.3515
20163,Rooks,KS,638,86,0,160.4,0,0,,-99.3248,39.3502
46091,Marshall,SD,484,94,0,160.3,0,0,,-97.5986,45.7587
46049,Faulk,SD,273,120,0,160.2,0,0,,-99.1453,45.0708
56037,Sweetwater,WY,2966,290,0,159.8,0,0,,-108.8828,41.6594
30101,Toole,MT,425,74,0,159.7,0,0,,-111.6942,48.6558
20023,Cheyenne,KS,355,68,0,159.6,0,0,,-101.7318,39.7858
31069,Garden,NE,279,62,0,159.2,0,0,,-102.334,41.619
46123,Tripp,SD,709,131,0,158.5,0,0,,-99.8855,43.3446
41037,Lake,OR,960,170,0,158.2,0,0,,-120.385,42.7925
46085,Lyman,SD,331,65,0,157.8,0,0,,-99.852,43.8952
31149,Rock,NE,179,38,0,156.7,0,0,,-99.4483,42.4225
31103,Keya Paha,NE,86,29,0,156.4,0,0,,-99.7134,42.8799
31115,Loup,NE,81,21,0,156.4,0,0,,-99.4544,41.9137
27155,Traverse,MN,436,52,0,156.1,0,0,,-96.4706,45.773
27007,Beltrami,MN,4195,314,0,155.7,0,0,,-94.9375,47.9739
31061,Franklin,NE,410,51,0,155.4,0,0,,-98.953,40.1764
31013,Box Butte,NE,1155,204,0,155.2,0,0,,-103.0878,42.2208
49021,Iron,UT,4140,420,0,155.2,0,0,,-113.2898,37.8589
20135,Ness,KS,293,62,0,153.9,0,0,,-99.9155,38.4797
46069,Hyde,SD,181,48,0,153.9,0,0,,-99.4859,44.5477
48465,Val Verde,TX,3651,390,0,153.7,0,0,,-101.1525,29.8915
49001,Beaver,UT,495,113,0,153,0,0,,-113.231,38.3568
30015,Chouteau,MT,650,98,0,152.8,0,0,,-110.4353,47.8808
31165,Sioux,NE,137,33,0,152.2,0,0,,-103.7576,42.4893
08113,San Miguel,CO,0,,0,151,0,0,,-108.4021,38.0045
08009,Baca,CO,0,,0,150.9,0,0,,-102.5603,37.3194
08067,La Plata,CO,0,,0,150.9,0,0,,-107.8429,37.2863
26003,Alger,MI,1156,119,0,150.1,0,0,,-86.6026,46.4129
20175,Seward,KS,1214,206,0,149.2,0,0,,-100.8508,37.1933
08071,Las Animas,CO,0,,0,149.1,0,0,,-104.0377,37.3153
32013,Humboldt,NV,1307,209,0,149.1,0,0,,-118.1109,41.4069
27111,Otter Tail,MN,7737,337,0,149,0,0,,-95.7084,46.4085
48275,Knox,TX,371,69,0,149,0,0,,-99.7426,33.6054
26153,Schoolcraft,MI,1139,139,0,147.6,0,0,,-86.1997,46.1924
48155,Foard,TX,152,52,0,147.5,0,0,,-99.7735,33.9718
35007,Colfax,NM,1778,210,0,147.4,0,0,,-104.6473,36.6057
08023,Costilla,CO,0,,0,147,0,0,,-105.4277,37.2773
48273,Kleberg,TX,2214,254,0,146.7,0,0,,-97.6989,27.4244
46109,Roberts,SD,1074,94,0,146.1,0,0,,-96.9467,45.6298
31049,Deuel,NE,245,47,0,145.9,0,0,,-102.3333,41.1117
20083,Hodgeman,KS,215,50,0,145.7,0,0,,-99.8983,38.0878
20089,Jewell,KS,446,70,0,145.7,0,0,,-98.2182,39.7847
48043,Brewster,TX,1261,252,0,145.7,0,0,,-103.252,29.8101
27051,Grant,MN,713,61,0,144.3,0,0,,-96.0114,45.9342
48269,King,TX,12,18,0,144,0,0,,-100.2558,33.6164
32023,Nye,NV,8293,640,0,143.9,0,0,,-116.4723,38.0426
40059,Harper,OK,356,84,0,143.6,0,0,,-99.668,36.7884
31099,Kearney,NE,707,108,0,143.4,0,0,,-98.9488,40.5066
08111,San Juan,CO,0,,0,142.7,0,0,,-107.6763,37.7625
20057,Ford,KS,2018,314,0,142.6,0,0,,-99.888,37.6913
29043,Christian,MO,8155,546,0,142.5,0,0,,-93.1854,36.9712
20025,Clark,KS,228,44,0,142.4,0,0,,-99.8189,37.235
49019,Grand,UT,1046,239,0,142.1,0,0,,-109.5696,38.9814
08115,Sedgwick,CO,0,,0,141.3,0,0,,-102.3519,40.876
20141,Osborne,KS,479,63,0,141.3,0,0,,-98.7675,39.3503
20189,Stevens,KS,410,89,0,141.2,0,0,,-101.3119,37.1923
29209,Stone,MO,5070,356,0,140.9,0,0,,-93.4526,36.75
30017,Custer,MT,1311,136,0,140.6,0,0,,-105.5788,46.2551
08105,Rio Grande,CO,0,,0,140.5,0,0,,-106.3848,37.5837
06049,Modoc,CA,0,,0,140.3,0,0,,-120.7245,41.5897
31019,Buffalo,NE,4436,339,0,140.3,0,0,,-99.075,40.8548
56019,Johnson,WY,1094,183,0,140.2,0,0,,-106.5844,44.0405
20051,Ellis,KS,2373,244,0,140.1,0,0,,-99.3175,38.9146
23029,Washington,ME,4244,228,0,139.1,0,0,,-67.6281,45.0161
08095,Phillips,CO,0,,0,138.9,0,0,,-102.3578,40.5941
48207,Haskell,TX,659,83,0,138.7,0,0,,-99.7304,33.1782
08011,Bent,CO,0,,0,138.6,0,0,,-103.072,37.9547
48253,Jones,TX,1610,228,0,138.5,0,0,,-99.8786,32.74
48095,Concho,TX,336,75,0,138.2,0,0,,-99.8647,31.3264
23021,Piscataquis,ME,2262,192,0,138.1,0,0,,-69.286,45.8392
49055,Wayne,UT,286,73,0,138.1,0,0,,-110.9071,38.3233
48487,Wilbarger,TX,1262,231,0,137.9,0,0,,-99.2418,34.0795
08021,Conejos,CO,0,,0,137.5,0,0,,-106.1917,37.2016
20129,Morton,KS,308,76,0,137.4,0,0,,-101.7993,37.1914
29213,Taney,MO,6750,458,0,137.2,0,0,,-93.0408,36.6547
48197,Hardeman,TX,354,75,0,137.2,0,0,,-99.7463,34.2894
26083,Keweenaw,MI,357,44,0,136.9,0,0,,-88.4143,47.632
31181,Webster,NE,416,53,0,136.5,0,0,,-98.5002,40.1764
29067,Douglas,MO,1553,232,0,136.4,0,0,,-92.4992,36.9326
08079,Mineral,CO,0,,0,136.3,0,0,,-106.9282,37.6695
26103,Marquette,MI,6775,401,0,136.2,0,0,,-87.6419,46.4351
48435,Sutton,TX,248,92,0,136.1,0,0,,-100.5382,30.4986
32015,Lander,NV,412,149,0,135.2,0,0,,-117.0397,39.9333
27057,Hubbard,MN,2829,170,0,134.7,0,0,,-94.917,47.108
27149,Stevens,MN,869,93,0,134.6,0,0,,-96.0016,45.5861
46037,Day,SD,744,93,0,134.6,0,0,,-97.6074,45.3673
48433,Stonewall,TX,162,48,0,134.3,0,0,,-100.2538,33.1791
29091,Howell,MO,4411,370,0,134,0,0,,-91.8868,36.7738
31123,Morrill,NE,499,79,0,133.7,0,0,,-103.0092,41.7157
41025,Harney,OR,994,156,0,133.7,0,0,,-118.9666,43.0642
08007,Archuleta,CO,0,,0,133.6,0,0,,-107.0477,37.1947
30075,Powder River,MT,310,65,0,133.1,0,0,,-105.6367,45.3962
31071,Garfield,NE,260,63,0,133.1,0,0,,-98.9911,41.9143
46059,Hand,SD,400,63,0,133.1,0,0,,-99.0039,44.5471
40007,Beaver,OK,513,84,0,133,0,0,,-100.4759,36.7497
08003,Alamosa,CO,0,,0,132.8,0,0,,-105.7885,37.5725
06093,Siskiyou,CA,0,,0,132.7,0,0,,-122.541,41.5918
27011,Big Stone,MN,715,64,0,132.6,0,0,,-96.414,45.4271
49031,Piute,UT,283,72,0,132.5,0,0,,-112.1202,38.3367
26047,Emmet,MI,4379,339,0,132.1,0,0,,-84.8908,45.5263
56017,Hot Springs,WY,647,114,0,132.1,0,0,,-108.4423,43.7193
27159,Wadena,MN,1529,149,0,131.9,0,0,,-94.9697,46.5859
41013,Crook,OR,3231,402,0,131.8,0,0,,-120.3567,44.1424
08061,Kiowa,CO,0,,0,131.5,0,0,,-102.7392,38.4326
29153,Ozark,MO,1256,167,0,131.4,0,0,,-92.4446,36.6492
48355,Nueces,TX,30209,1118,0,131.4,0,0,,-97.5435,27.7371
08053,Hinsdale,CO,0,,0,131,0,0,,-107.3004,37.8225
16059,Lemhi,ID,1204,217,0,131,0,0,,-113.9308,44.944
30033,Garfield,MT,138,40,0,130.9,0,0,,-107.0002,47.2755
32009,Esmeralda,NV,104,46,0,130.7,0,0,,-117.632,37.7844
48083,Coleman,TX,1042,168,0,130.3,0,0,,-99.4524,31.7675
48441,Taylor,TX,12057,667,0,129.9,0,0,,-99.89,32.3016
31163,Sherman,NE,426,68,0,129.8,0,0,,-98.9759,41.2205
40045,Ellis,OK,483,72,0,129.8,0,0,,-99.7532,36.218
20123,Mitchell,KS,680,97,0,129.3,0,0,,-98.2091,39.3933
31175,Valley,NE,520,65,0,129.2,0,0,,-98.982,41.5673
30035,Glacier,MT,966,142,0,129.1,0,0,,-112.9943,48.7053
46017,Buffalo,SD,57,23,0,129.1,0,0,,-99.2081,44.0764
05015,Carroll,AR,0,,0,128.7,0,0,,-93.5425,36.3404
29109,Lawrence,MO,3694,359,0,128,0,0,,-93.8329,37.1063
26031,Cheboygan,MI,3742,246,0,127.5,0,0,,-84.5012,45.4479
27071,Koochiching,MN,1658,180,0,127.1,0,0,,-93.7834,48.2453
35003,Catron,NM,740,178,0,127,0,0,,-108.4047,33.9151
26141,Presque Isle,MI,2143,140,0,126.9,0,0,,-83.915,45.3402
29077,Greene,MO,28836,1110,0,126.9,0,0,,-93.3421,37.2576
20029,Cloud,KS,1056,128,0,126.8,0,0,,-97.6493,39.4803
48125,Dickens,TX,226,51,0,126.7,0,0,,-100.7789,33.6162
31089,Holt,NE,1204,123,0,126.6,0,0,,-98.784,42.4552
46115,Spink,SD,808,93,0,126.3,0,0,,-98.3463,44.9384
08085,Montrose,CO,0,,0,126.2,0,0,,-108.2639,38.4021
49037,San Juan,UT,1240,170,0,126,0,0,,-109.8011,37.628
06023,Humboldt,CA,0,,0,125.8,0,0,,-123.876,40.6992
08125,Yuma,CO,0,,0,125.3,0,0,,-102.4235,40.0037
46053,Gregory,SD,550,62,0,125.3,0,0,,-99.1888,43.1942
35023,Hidalgo,NM,467,81,0,125.2,0,0,,-108.7152,31.9138
08017,Cheyenne,CO,0,,0,125.1,0,0,,-102.6033,38.8278
20165,Rush,KS,345,63,0,125.1,0,0,,-99.3086,38.5228
56035,Sublette,WY,1035,213,0,125.1,0,0,,-109.9166,42.7668
35059,Union,NM,524,90,0,125,0,0,,-103.471,36.4813
41015,Curry,OR,4267,420,0,124.6,0,0,,-124.1584,42.4608
20157,Republic,KS,654,91,0,124.4,0,0,,-97.6504,39.828
35017,Grant,NM,4253,381,0,124.3,0,0,,-108.3828,32.7391
48243,Jeff Davis,TX,323,154,0,124.3,0,0,,-104.14,30.7149
56007,Carbon,WY,1389,187,0,124.3,0,0,,-106.9327,41.6934
40065,Jackson,OK,2105,228,0,124.1,0,0,,-99.4114,34.5878
48399,Runnels,TX,1054,154,0,124,0,0,,-99.9762,31.8314
56043,Washakie,WY,903,117,0,123.9,0,0,,-107.6802,43.9045
26029,Charlevoix,MI,3563,202,0,123.4,0,0,,-85.1961,45.3779
31001,Adams,NE,3106,252,0,122.3,0,0,,-98.5012,40.5245
49009,Daggett,UT,47,20,0,122.3,0,0,,-109.5098,40.8869
23019,Penobscot,ME,16376,725,0,122.2,0,0,,-68.6514,45.3972
08091,Ouray,CO,0,,0,122,0,0,,-107.7675,38.1472
48023,Baylor,TX,467,104,0,121.9,0,0,,-99.2136,33.6164
41023,Grant,OR,1144,158,0,121.8,0,0,,-119.0069,44.4902
30073,Pondera,MT,675,87,0,121.5,0,0,,-112.2249,48.2275
27041,Douglas,MN,4924,290,0,121,0,0,,-95.4534,45.9335
35045,San Juan,NM,10730,587,0,120.8,0,0,,-108.3204,36.5084
40009,Beckham,OK,1758,244,0,120.7,0,0,,-99.6814,35.2686
40055,Greer,OK,526,105,0,120.7,0,0,,-99.5605,34.9354
48101,Cottle,TX,154,44,0,120.3,0,0,,-100.2766,34.078
29009,Barry,MO,3970,391,0,120.2,0,0,,-93.8292,36.7098
41033,Josephine,OR,12738,737,0,120.2,0,0,,-123.5567,42.3651
48479,Webb,TX,15180,848,0,120.2,0,0,,-99.3324,27.761
30027,Fergus,MT,1428,195,0,120,0,0,,-109.2248,47.2631
40057,Harmon,OK,270,53,0,120,0,0,,-99.8474,34.744
08089,Otero,CO,0,,0,119.6,0,0,,-103.7173,37.9014
40129,Roger Mills,OK,411,61,0,119.5,0,0,,-99.6965,35.6873
31129,Nuckolls,NE,637,82,0,119.2,0,0,,-98.0474,40.1764
49017,Garfield,UT,586,110,0,119.1,0,0,,-111.4416,37.8542
49053,Washington,UT,21648,1058,0,119.1,0,0,,-113.5047,37.28
53047,Okanogan,WA,4896,401,0,118.9,0,0,,-119.7389,48.5487
48249,Jim Wells,TX,3317,369,0,118.8,0,0,,-98.0899,27.7318
48413,Schleicher,TX,281,81,0,118.3,0,0,,-100.5385,30.8974
26013,Baraga,MI,963,96,0,118.2,0,0,,-88.3664,46.6715
46015,Brule,SD,573,95,0,118.1,0,0,,-99.0811,43.7174
48131,Duval,TX,804,163,0,118,0,0,,-98.5092,27.6805
20167,Russell,KS,942,157,0,117.8,0,0,,-98.7625,38.9146
35021,Harding,NM,82,30,0,117.6,0,0,,-103.8221,35.8575
48327,Menard,TX,271,92,0,117.4,0,0,,-99.8205,30.8899
48295,Lipscomb,TX,313,60,0,117.2,0,0,,-100.2733,36.2778
29225,Webster,MO,3237,300,0,116.8,0,0,,-92.8763,37.2809
41035,Klamath,OR,7997,576,0,116.8,0,0,,-121.6496,42.6876
48059,Callahan,TX,1535,207,0,116.8,0,0,,-99.3732,32.2977
05049,Fulton,AR,0,,0,116.7,0,0,,-91.8173,36.3817
05087,Madison,AR,0,,0,116.5,0,0,,-93.7253,36.0104
31033,Cheyenne,NE,1082,135,0,116.3,0,0,,-102.9941,41.22
48409,San Patricio,TX,5682,442,0,116.3,0,0,,-97.5161,28.0098
08055,Huerfano,CO,0,,0,116.1,0,0,,-104.961,37.6848
05009,Boone,AR,0,,0,115.5,0,0,,-93.0937,36.3086
31157,Scotts Bluff,NE,4179,319,0,115.4,0,0,,-103.7081,41.8507
56015,Goshen,WY,1529,185,0,115.2,0,0,,-104.3534,42.0878
49047,Uintah,UT,2245,264,0,115.1,0,0,,-109.5186,40.1231
08063,Kit Carson,CO,0,,0,114.9,0,0,,-102.6022,39.305
48107,Crosby,TX,514,70,0,114.9,0,0,,-101.3,33.6143
48485,Wichita,TX,10923,617,0,114.6,0,0,,-98.7041,33.9884
27151,Swift,MN,1265,133,0,114.4,0,0,,-95.6826,45.2829
20033,Comanche,KS,290,90,0,114.1,0,0,,-99.2711,37.1911
46051,Grant,SD,948,152,0,114.1,0,0,,-96.77,45.1724
26007,Alpena,MI,3753,285,0,114,0,0,,-83.6221,45.0348
16083,Twin Falls,ID,8199,618,0,113.9,0,0,,-114.6685,42.3544
08081,Moffat,CO,0,,0,113.6,0,0,,-108.2077,40.6186
30013,Cascade,MT,8786,509,0,113.6,0,0,,-111.3469,47.308
48391,Refugio,TX,808,129,0,113.6,0,0,,-97.1577,28.3239
04011,Greenlee,AZ,0,,0,113.5,0,0,,-109.2406,33.215
29097,Jasper,MO,11112,588,0,113.4,0,0,,-94.3405,37.2035
16053,Jerome,ID,1696,222,0,113.3,0,0,,-114.2652,42.6888
41029,Jackson,OR,27669,1154,0,113.3,0,0,,-122.7291,42.432
56031,Platte,WY,1123,187,0,113.3,0,0,,-104.9663,42.133
48007,Aransas,TX,3547,410,0,113.2,0,0,,-96.9995,28.1056
29229,Wright,MO,1997,276,0,113,0,0,,-92.4693,37.2708
08077,Mesa,CO,0,,0,112.8,0,0,,-108.4698,39.0178
16031,Cassia,ID,1873,190,0,112.6,0,0,,-113.6012,42.2834
48219,Hockley,TX,1735,190,0,112.6,0,0,,-102.3432,33.6077
48417,Shackelford,TX,342,72,0,112.6,0,0,,-99.354,32.736
20145,Pawnee,KS,745,154,0,112.4,0,0,,-99.2369,38.1812
40025,Cimarron,OK,327,77,0,112.3,0,0,,-102.5174,36.7482
20201,Washington,KS,686,82,0,112.2,0,0,,-97.0875,39.7842
26041,Delta,MI,5021,339,0,112.2,0,0,,-86.9081,45.9048
20047,Edwards,KS,313,46,0,112,0,0,,-99.3126,37.8874
48263,Kent,TX,162,68,0,111.8,0,0,,-100.7781,33.181
48443,Terrell,TX,181,79,0,111.8,0,0,,-102.0767,30.2243
30053,Lincoln,MT,2979,276,0,111.7,0,0,,-115.4046,48.5427
31079,Hall,NE,5145,398,0,111.6,0,0,,-98.5022,40.8726
35055,Taos,NM,5495,511,0,111.5,0,0,,-105.6309,36.5807
48323,Maverick,TX,3884,390,0,111.5,0,0,,-100.3158,28.7429
23025,Somerset,ME,5994,434,0,111.4,0,0,,-69.9608,45.5131
41063,Wallowa,OR,1093,150,0,111.2,0,0,,-117.1835,45.579
40153,Woodward,OK,1784,250,0,111,0,0,,-99.2628,36.4232
48151,Fisher,TX,431,81,0,110.9,0,0,,-100.4019,32.7428
31015,Boyd,NE,287,48,0,110.8,0,0,,-98.7649,42.8997
40141,Tillman,OK,732,97,0,110.8,0,0,,-98.9242,34.3729
05003,Ashley,AR,0,,0,110.7,0,0,,-91.7702,33.1917
29149,Oregon,MO,1064,153,0,110.6,0,0,,-91.4034,36.6871
41069,Wheeler,OR,263,56,0,110.6,0,0,,-120.0281,44.727
48303,Lubbock,TX,23052,985,0,110.2,0,0,,-101.8205,33.6101
29215,Texas,MO,2756,278,0,110.1,0,0,,-91.9656,37.3173
31183,Wheeler,NE,134,34,0,110.1,0,0,,-98.528,41.9148
20097,Kiowa,KS,286,40,0,110,0,0,,-99.2857,37.5585
48447,Throckmorton,TX,180,45,0,109.9,0,0,,-99.2123,33.1775
16061,Lewis,ID,505,59,0,109.5,0,0,,-116.4307,46.2342
05135,Sharp,AR,0,,0,109.3,0,0,,-91.4807,36.1626
27121,Pope,MN,1465,126,0,109.3,0,0,,-95.4446,45.5861
49027,Millard,UT,1126,136,0,109.3,0,0,,-113.1011,39.0721
06027,Inyo,CA,0,,0,109.1,0,0,,-117.4112,36.5111
35011,De Baca,NM,207,72,0,109,0,0,,-104.4118,34.3427
40139,Texas,OK,1322,187,0,109,0,0,,-101.489,36.7478
48137,Edwards,TX,114,53,0,108.8,0,0,,-100.3023,29.981
05131,Sebastian,AR,0,,0,108.6,0,0,,-94.2689,35.1957
35033,Mora,NM,731,223,0,108.2,0,0,,-104.9491,36.0114
48271,Kinney,TX,464,179,0,108.2,0,0,,-100.4187,29.3497
05113,Polk,AR,0,,0,108.1,0,0,,-94.2277,34.49
20105,Lincoln,KS,385,72,0,107.6,0,0,,-98.2076,39.0455
40151,Woods,OK,783,158,0,107.2,0,0,,-98.8657,36.7671
20027,Clay,KS,1070,182,0,107,0,0,,-97.1652,39.3495
08109,Saguache,CO,0,,0,106.7,0,0,,-106.2825,38.0805
05133,Sevier,AR,0,,0,106.6,0,0,,-94.2427,33.9982
48307,McCulloch,TX,962,169,0,106.6,0,0,,-99.3468,31.1926
05089,Marion,AR,0,,0,106.5,0,0,,-92.687,36.2673
05005,Baxter,AR,0,,0,106.2,0,0,,-92.3382,36.2868
48075,Childress,TX,582,172,0,106.2,0,0,,-100.2078,34.5293
31093,Howard,NE,767,103,0,106.1,0,0,,-98.5166,41.2201
27021,Cass,MN,4057,162,0,105.9,0,0,,-94.3262,46.9503
29057,Dade,MO,1008,138,0,105.9,0,0,,-93.8503,37.4318
04001,Apache,AZ,0,,0,105.8,0,0,,-109.4892,35.3955
26043,Dickinson,MI,3220,325,0,105.8,0,0,,-87.8696,46.01
27073,Lac qui Parle,MN,945,100,0,105.7,0,0,,-96.1749,44.9974
16063,Lincoln,ID,391,76,0,105.5,0,0,,-114.1359,43.0012
26061,Houghton,MI,3462,244,0,105.4,0,0,,-88.685,46.8999
31077,Greeley,NE,281,40,0,105.4,0,0,,-98.5215,41.5674
40079,Le Flore,OK,4734,304,0,105.1,0,0,,-94.7039,34.8987
53017,Douglas,WA,4131,350,0,105,0,0,,-119.6927,47.7363
40089,McCurtain,OK,2959,225,0,104.8,0,0,,-94.7722,34.1168
28011,Bolivar,MS,3006,308,0,104.7,0,0,,-90.8737,33.797
46025,Clark,SD,481,63,0,104.7,0,0,,-97.7293,44.8583
26089,Leelanau,MI,3830,254,0,104.5,0,0,,-85.8015,44.9443
05061,Howard,AR,0,,0,104.1,0,0,,-93.9939,34.0888
27153,Todd,MN,2806,150,0,104.1,0,0,,-94.8979,46.07
30001,Beaverhead,MT,1119,153,0,104.1,0,0,,-112.9001,45.1349
48049,Brown,TX,4285,387,0,104,0,0,,-98.9991,31.7743
30099,Teton,MT,760,98,0,103.8,0,0,,-112.2415,47.8367
31169,Thayer,NE,657,66,0,103.8,0,0,,-97.595,40.1763
29167,Polk,MO,3194,309,0,103.5,0,0,,-93.3983,37.6162
48451,Tom Green,TX,10673,697,0,103.5,0,0,,-100.4624,31.4046
20143,Ottawa,KS,629,84,0,103.1,0,0,,-97.6502,39.1324
26119,Montmorency,MI,1507,143,0,103.1,0,0,,-84.127,45.0276
46029,Codington,SD,2878,337,0,103.1,0,0,,-97.1883,44.9779
16049,Idaho,ID,2291,235,0,103,0,0,,-115.4665,45.8447
26071,Iron,MI,1819,127,0,103,0,0,,-88.5314,46.2097
30069,Petroleum,MT,43,21,0,103,0,0,,-108.2509,47.1182
31035,Clay,NE,623,66,0,102.9,0,0,,-98.0513,40.5244
29203,Shannon,MO,842,96,0,102.8,0,0,,-91.4019,37.1577
49041,Sevier,UT,1864,187,0,102.3,0,0,,-111.805,38.7484
22059,LaSalle,LA,1299,213,0,102.2,0,0,,-92.1605,31.678
32017,Lincoln,NV,393,145,0,102.1,0,0,,-114.8777,37.6422
22025,Catahoula,LA,844,154,0,101.9,0,0,,-91.8452,31.668
05047,Franklin,AR,0,,0,101.7,0,0,,-93.891,35.5138
46073,Jerauld,SD,283,50,0,101.7,0,0,,-98.6296,44.0664
05121,Randolph,AR,0,,0,101.3,0,0,,-91.0243,36.3426
22067,Morehouse,LA,2758,293,0,101.3,0,0,,-91.8025,32.818
48211,Hemphill,TX,353,99,0,101.2,0,0,,-100.2704,35.8376
16037,Custer,ID,710,178,0,101,0,0,,-114.284,44.2422
29145,Newton,MO,6026,433,0,100.9,0,0,,-94.3394,36.9052
41001,Baker,OR,2326,230,0,100.7,0,0,,-117.6768,44.7076
08075,Logan,CO,0,,0,100.4,0,0,,-103.1108,40.725
48345,Motley,TX,190,52,0,100.4,0,0,,-100.7797,34.0741
48353,Nolan,TX,1542,219,0,100.3,0,0,,-100.406,32.3037
29211,Sullivan,MO,663,92,0,100.1,0,0,,-93.1115,40.2099
49015,Emery,UT,911,127,0,100.1,0,0,,-110.701,38.9967
53003,Asotin,WA,2926,285,0,99.9,0,1,2926,-117.2023,46.1889
20133,Neosho,KS,1811,246,0,99.5,0,2,906,-95.3067,37.5586
22021,Caldwell,LA,952,207,0,99.4,0,1,952,-92.1194,32.0877
27023,Chippewa,MN,1427,134,0,99.4,0,1,1427,-95.564,45.0235
35047,San Miguel,NM,3570,394,0,99.2,0,1,3570,-104.8194,35.4813
35019,Guadalupe,NM,396,121,0,99.1,0,1,396,-104.7887,34.8645
48079,Cochran,TX,190,45,0,99.1,0,1,190,-102.8284,33.6043
31007,Banner,NE,63,18,0,99,0,2,32,-103.7114,41.5463
46005,Beadle,SD,1875,221,0,98.5,0,1,1875,-98.2786,44.4147
04027,Yuma,AZ,0,,0,98.4,0,1,0,-113.9068,32.769
30045,Judith Basin,MT,256,47,0,98.4,0,1,256,-110.2661,47.0458
13069,Coffee,GA,3548,435,0,98.2,0,1,3548,-82.8545,31.5489
35027,Lincoln,NM,3187,398,0,98,0,1,3187,-105.4594,33.7458
56023,Lincoln,WY,1830,215,0,98,0,1,1830,-110.6564,42.2638
16069,Nez Perce,ID,4667,401,0,97.9,0,1,4667,-116.7484,46.3264
20009,Barton,KS,2883,315,0,97.9,0,1,2883,-98.7563,38.4789
26137,Otsego,MI,2846,259,0,97.6,0,1,2846,-84.599,45.0209
29011,Barton,MO,1289,165,0,97.4,0,3,430,-94.3476,37.5021
05127,Scott,AR,0,,0,97,0,4,0,-94.0574,34.8608
26009,Antrim,MI,3440,205,0,97,0,1,3440,-85.155,44.9952
56029,Park,WY,3905,473,0,97,0,1,3905,-109.5853,44.5216
20037,Crawford,KS,3446,306,0,96.9,0,2,1723,-94.8525,37.5068
29197,Schuyler,MO,403,54,0,96.9,0,5,81,-92.5232,40.4692
05033,Crawford,AR,0,,0,96.7,0,3,0,-94.2462,35.5856
48009,Archer,TX,961,137,0,96.7,0,3,320,-98.6876,33.6157
35051,Sierra,NM,2075,290,0,96.6,0,1,2075,-107.1926,33.1303
35041,Roosevelt,NM,1493,274,0,96.4,0,1,1493,-103.48,34.0209
05065,Izard,AR,0,,0,96.3,0,4,0,-91.9101,36.0955
27035,Crow Wing,MN,8355,399,0,96.1,0,1,8355,-94.0676,46.481
48105,Crockett,TX,314,133,0,96.1,0,2,157,-101.4134,30.7237
31003,Antelope,NE,797,90,0,95.9,0,1,797,-98.0666,42.177
48241,Jasper,TX,3703,400,0,95.7,0,1,3703,-94.0257,30.7461
48357,Ochiltree,TX,599,143,0,95.7,0,1,599,-100.8158,36.2783
40033,Cotton,OK,590,83,0,95.6,0,3,197,-98.3705,34.2885
48127,Dimmit,TX,814,166,0,95.6,0,1,814,-99.7565,28.4227
46023,Charles Mix,SD,891,99,0,95.5,0,2,446,-98.5877,43.2076
48267,Kimble,TX,762,152,0,95.4,0,7,109,-99.7486,30.4868
13003,Atkinson,GA,576,120,0,95.2,0,4,144,-82.8755,31.2963
27031,Cook,MN,859,122,0,95,0,1,859,-90.5263,47.9051
26001,Alcona,MI,1819,115,0,94.9,0,1,1819,-83.5951,44.6847
48017,Bailey,TX,610,201,0,94.8,0,1,610,-102.83,34.0685
05101,Newton,AR,0,,0,94.4,0,4,0,-93.2162,35.9196
08103,Rio Blanco,CO,0,,0,94.3,0,1,0,-108.217,39.9795
22083,Richland,LA,1966,249,0,94.1,0,4,492,-91.7703,32.4111
35037,Quay,NM,1155,170,0,94,0,1,1155,-103.5505,35.1049
29059,Dallas,MO,1934,249,0,93.9,0,2,967,-93.0213,37.6811
48169,Garza,TX,376,103,0,93.8,0,1,376,-101.2984,33.1797
19021,Buena Vista,IA,1792,197,0,93.7,0,2,896,-95.151,42.7355
08025,Crowley,CO,0,,0,93.6,0,2,0,-103.7845,38.3261
22043,Grant,LA,1820,214,0,93.5,0,4,455,-92.5629,31.5993
48109,Culberson,TX,234,112,0,93.3,0,1,234,-104.5186,31.4451
27173,Yellow Medicine,MN,1030,86,0,93.2,0,2,515,-95.8684,44.7171
35009,Curry,NM,3377,354,0,93.2,0,1,3377,-103.3469,34.5741
48087,Collingsworth,TX,311,84,0,93.2,0,1,311,-100.27,34.9649
26019,Benzie,MI,2596,182,0,93.1,0,2,1298,-86.0161,44.639
22073,Ouachita,LA,14075,821,0,92.9,0,3,4692,-92.155,32.4791
20021,Cherokee,KS,2007,238,0,92.7,0,5,401,-94.8463,37.1693
48483,Wheeler,TX,546,92,0,92.5,0,1,546,-100.27,35.4011
56033,Sheridan,WY,3569,383,0,92.4,0,1,3569,-106.8862,44.7905
01119,Sumter,AL,0,,0,92.3,0,1,0,-88.1992,32.5912
23009,Hancock,ME,7734,431,0,92.3,0,1,7734,-68.385,44.5981
46003,Aurora,SD,292,49,0,92.3,0,2,146,-98.5605,43.7176
05017,Chicot,AR,0,,0,92,0,4,0,-91.2951,33.2642
48469,Victoria,TX,8361,524,0,92,0,4,2090,-96.9695,28.7986
05143,Washington,AR,0,,0,91.8,0,5,0,-94.2171,35.9753
06105,Trinity,CA,0,,0,91.6,0,1,0,-123.1147,40.6488
13243,Randolph,GA,723,189,0,91.6,0,4,181,-84.7576,31.7664
40075,Kiowa,OK,922,129,0,91.6,0,6,154,-98.9772,34.9167
29001,Adair,MO,2083,219,0,91.5,0,2,1042,-92.6008,40.1906
29119,McDonald,MO,1921,210,0,91.4,0,5,384,-94.3487,36.6287
48081,Coke,TX,507,94,0,91.2,0,1,507,-100.5298,31.8891
16013,Blaine,ID,2763,414,0,91,0,1,2763,-113.9753,43.4086
28133,Sunflower,MS,2160,232,0,91,0,4,540,-90.5888,33.6019
32021,Mineral,NV,730,190,0,91,0,2,365,-118.4337,38.5378
30029,Flathead,MT,11677,640,0,90.9,0,1,11677,-114.0522,48.2956
04012,La Paz,AZ,0,,0,90.8,0,3,0,-113.9811,33.7288
40077,Latimer,OK,1001,97,0,90.8,0,5,200,-95.2522,34.8784
05007,Benton,AR,0,,0,90.5,0,5,0,-94.2568,36.3365
08027,Custer,CO,0,,0,90.4,0,1,0,-105.3683,38.1088
48351,Newton,TX,1472,207,0,90.4,0,1,1472,-93.7441,30.7855
22041,Franklin,LA,2128,242,0,89.6,0,4,532,-91.676,32.137
29065,Dent,MO,1729,220,0,89.4,0,13,133,-91.5079,37.6066
31095,Jefferson,NE,942,131,0,89.4,0,7,135,-97.1426,40.1758
08029,Delta,CO,0,,0,89.3,0,1,0,-107.8631,38.8625
29199,Scotland,MO,478,88,0,89.3,0,4,120,-92.1471,40.4521
41017,Deschutes,OR,22243,1063,0,89.3,0,1,22243,-121.2264,43.915
05041,Desha,AR,0,,0,89.2,0,4,0,-91.255,33.83
41061,Union,OR,2897,239,0,89.2,0,1,2897,-118.0114,45.308
05011,Bradley,AR,0,,0,89,0,4,0,-92.1607,33.4713
28069,Kemper,MS,1023,184,0,89,0,4,256,-88.6411,32.7546
49025,Kane,UT,950,153,0,88.9,0,1,950,-111.8856,37.284
31081,Hamilton,NE,1018,145,0,88.6,0,3,339,-98.021,40.8735
01091,Marengo,AL,0,,0,88.5,0,4,0,-87.788,32.2477
16021,Boundary,ID,1435,223,0,88.5,0,1,1435,-116.463,48.7668
30087,Rosebud,MT,710,111,0,88.5,0,1,710,-106.7381,46.231
06051,Mono,CA,0,,0,88.4,0,3,0,-118.8884,37.9393
05075,Lawrence,AR,0,,0,88.3,0,5,0,-91.1082,36.0422
19161,Sac,IA,1237,119,0,88.1,0,9,137,-95.1055,42.3862
55037,Florence,WI,673,95,0,88.1,0,2,336,-88.398,45.8496
48175,Goliad,TX,904,168,0,88,0,9,100,-97.4276,28.657
05043,Drew,AR,0,,0,87.9,0,4,0,-91.7185,33.5896
13161,Jeff Davis,GA,1278,249,0,87.5,0,3,426,-82.6396,31.8056
29105,Laclede,MO,3517,356,0,87.5,0,2,1758,-92.5888,37.659
29111,Lewis,MO,994,124,0,87.5,0,2,497,-91.7207,40.0967
16067,Minidoka,ID,1772,236,0,87.4,0,1,1772,-113.6358,42.855
40127,Pushmataha,OK,1292,159,0,87.4,0,1,1292,-95.376,34.4163
06035,Lassen,CA,0,,0,87.3,0,5,0,-120.5935,40.6731
29085,Hickory,MO,1419,215,0,87.3,0,5,284,-93.3203,37.9416
05081,Little River,AR,0,,0,87.2,0,4,0,-94.2298,33.7018
20117,Marshall,KS,1134,157,0,87.2,0,2,567,-96.5227,39.7836
27061,Itasca,MN,5850,301,0,87.2,0,1,5850,-93.6312,47.5101
29045,Clark,MO,726,113,0,87.1,0,4,182,-91.7366,40.4104
20053,Ellsworth,KS,830,114,0,87,0,1,830,-98.2047,38.6968
48319,Mason,TX,678,144,0,86.7,0,17,40,-99.2263,30.7178
40003,Alfalfa,OK,530,66,0,86.6,0,9,59,-98.3241,36.7309
13273,Terrell,GA,1031,176,0,86.5,0,2,516,-84.4438,31.7754
29039,Cedar,MO,1757,244,0,86.4,0,4,439,-93.8545,37.7239
32027,Pershing,NV,469,118,0,86.4,0,4,117,-118.4006,40.44
13061,Clay,GA,498,141,0,86.2,0,3,166,-84.9771,31.6222
13155,Irwin,GA,938,171,0,86.2,0,2,469,-83.2744,31.6019
01023,Choctaw,AL,0,,0,86.1,0,5,0,-88.2656,32.0223
56001,Albany,WY,2467,288,0,86.1,0,3,822,-105.7235,41.655
16003,Adams,ID,652,110,0,85.9,0,3,217,-116.4545,44.8933
30093,Silver Bow,MT,3683,353,0,85.8,0,1,3683,-112.662,45.9002
35039,Rio Arriba,NM,4564,421,0,85.8,0,3,1521,-106.6931,36.5105
41031,Jefferson,OR,2467,216,0,85.7,0,18,137,-121.1796,44.6294
48133,Eastland,TX,2073,238,0,85.7,0,4,518,-98.8324,32.3274
05103,Ouachita,AR,0,,0,85.6,0,7,0,-92.8804,33.5903
29079,Grundy,MO,1177,139,0,85.6,0,9,131,-93.5651,40.1141
46039,Deuel,SD,494,70,0,85.6,0,2,247,-96.6694,44.7599
48415,Scurry,TX,1361,268,0,85.6,0,1,1361,-100.9163,32.7461
48501,Yoakum,TX,480,190,0,85.6,0,3,160,-102.8276,33.1732
48025,Bee,TX,2042,281,0,85.5,0,8,255,-97.7421,28.4176
17067,Hancock,IL,2255,184,0,85.4,0,7,322,-91.1632,40.4041
31059,Fillmore,NE,704,85,0,85.4,0,7,101,-97.5965,40.5246
33007,Coos,NH,4080,286,0,85.4,0,8,510,-71.3062,44.6898
29103,Knox,MO,431,76,0,85.3,0,2,216,-92.1478,40.1276
35031,McKinley,NM,5520,344,0,85.3,0,2,2760,-108.2623,35.5806
04015,Mohave,AZ,0,,0,85.2,0,4,0,-113.7578,35.7048
40043,Dewey,OK,457,54,0,85.2,0,8,57,-99.0071,35.9877
41055,Sherman,OR,239,48,0,85.1,0,15,16,-120.6809,45.4164
06045,Mendocino,CA,0,,0,85,0,1,0,-123.3919,39.4431
48153,Floyd,TX,544,101,0,85,0,1,544,-101.3031,34.0723
05057,Hempstead,AR,0,,0,84.9,0,3,0,-93.6701,33.7339
08101,Pueblo,CO,0,,0,84.9,0,3,0,-104.5128,38.1735
08121,Washington,CO,0,,0,84.9,0,21,0,-103.2002,39.9702
29181,Ripley,MO,1181,135,0,84.9,0,1,1181,-90.8688,36.6543
17079,Jasper,IL,1007,137,0,84.7,0,5,201,-88.1544,39.0106
28083,Leflore,MS,2449,269,0,84.7,0,5,490,-90.299,33.5555
05109,Pike,AR,0,,0,84.6,0,4,0,-93.6562,34.1621
20205,Wilson,KS,1042,122,0,84.5,0,1,1042,-95.7432,37.5594
05071,Johnson,AR,0,,0,84.4,0,4,0,-93.459,35.5695
53023,Garfield,WA,332,82,0,84.3,0,2,166,-117.5454,46.432
20207,Woodson,KS,420,76,0,84.2,0,5,84,-95.7401,37.8865
28023,Clarke,MS,1866,214,0,84.2,0,7,267,-88.6887,32.0422
48005,Angelina,TX,7912,505,0,84.2,0,5,1582,-94.6091,31.2538
48111,Dallam,TX,306,108,0,84.2,0,1,306,-102.6021,36.2779
29171,Putnam,MO,615,104,0,84,0,2,308,-93.0205,40.4794
48077,Clay,TX,1218,151,0,83.9,0,14,87,-98.2077,33.7869
05099,Nevada,AR,0,,0,83.8,0,7,0,-93.3082,33.6617
17023,Clark,IL,1634,149,0,83.8,0,13,126,-87.787,39.3342
05083,Logan,AR,0,,0,83.7,0,4,0,-93.7166,35.216
26055,Grand Traverse,MI,11108,591,0,83.6,0,1,11108,-85.5558,44.6957
31011,Boone,NE,658,77,0,83.6,0,3,219,-98.0674,41.7076
55081,Monroe,WI,4224,341,0,83.6,0,20,211,-90.6188,43.9464
56039,Teton,WY,2017,350,0,83.6,0,1,2017,-110.5891,43.9352
20161,Riley,KS,3789,315,0,83.5,0,1,3789,-96.732,39.2902
31107,Knox,NE,1155,98,0,83.4,0,2,578,-97.8918,42.6376
28075,Lauderdale,MS,7471,524,0,83.3,0,4,1868,-88.6623,32.4042
48305,Lynn,TX,461,81,0,83.3,0,1,461,-101.8163,33.1766
20041,Dickinson,KS,2008,217,0,83.1,0,1,2008,-97.1533,38.8664
20061,Geary,KS,1786,266,0,83,0,2,893,-96.7547,39.0005
22029,Concordia,LA,1973,291,0,83,0,4,493,-91.6381,31.4482
22111,Union,LA,2451,305,0,83,0,3,817,-92.375,32.8312
31105,Kimball,NE,487,101,0,83,0,3,162,-103.7147,41.1977
48445,Terry,TX,964,189,0,83,0,2,482,-102.3355,33.174
05013,Calhoun,AR,0,,0,82.9,0,4,0,-92.5033,33.5558
48191,Hall,TX,359,75,0,82.9,0,1,359,-100.6814,34.5308
19041,Clay,IA,1927,254,0,82.8,0,5,385,-95.151,43.0825
20007,Barber,KS,483,93,0,82.8,0,1,483,-98.6846,37.2289
17001,Adams,IL,7111,494,0,82.7,0,8,889,-91.1878,39.988
46057,Hamlin,SD,448,73,0,82.7,0,2,224,-97.1883,44.6739
48279,Lamb,TX,1172,168,0,82.7,0,1,1172,-102.3516,34.0686
13005,Bacon,GA,1046,190,0,82.6,0,5,209,-82.4594,31.5546
48429,Stephens,TX,990,152,0,82.6,0,8,124,-98.8363,32.7355
05129,Searcy,AR,0,,0,82.5,0,4,0,-92.6985,35.9097
17025,Clay,IL,1485,211,0,82.5,0,12,124,-88.4889,38.7533
17035,Cumberland,IL,1103,121,0,82.5,0,6,184,-88.2401,39.2743
31121,Merrick,NE,858,116,0,82.5,0,3,286,-98.0388,41.1658
19043,Clayton,IA,2153,181,0,82.4,0,17,127,-91.3413,42.8444
19093,Ida,IA,831,104,0,82.4,0,9,92,-95.5136,42.387
40149,Washita,OK,1146,210,0,82.4,0,8,143,-98.9918,35.2907
20185,Stafford,KS,457,71,0,82.3,0,1,457,-98.7176,38.031
46043,Douglas,SD,356,52,0,82.3,0,2,178,-98.3665,43.387
48093,Comanche,TX,1708,205,0,82,0,8,214,-98.5587,31.9485
22123,West Carroll,LA,1119,157,0,81.9,0,4,280,-91.4606,32.7854
29129,Mercer,MO,394,61,0,81.8,0,3,131,-93.5683,40.4221
05063,Independence,AR,0,,0,81.6,0,6,0,-91.5687,35.7424
20099,Labette,KS,2257,249,0,81.6,0,5,451,-95.2985,37.1911
29035,Carter,MO,564,101,0,81.6,0,1,564,-90.9605,36.9416
29115,Linn,MO,1396,146,0,81.6,0,11,127,-93.107,39.87
40067,Jefferson,OK,600,72,0,81.6,0,10,60,-97.832,34.1113
16085,Valley,ID,1501,284,0,81.5,0,3,500,-115.5678,44.7674
40121,Pittsburg,OK,4736,327,0,81.5,0,5,947,-95.7514,34.9206
48503,Young,TX,2038,263,0,81.4,0,9,226,-98.6879,33.1766
05139,Union,AR,0,,0,81.1,0,3,0,-92.5946,33.1692
28135,Tallahatchie,MS,1192,172,0,81,0,6,199,-90.1729,33.9534
16007,Bear Lake,ID,698,98,0,80.8,0,2,349,-111.3273,42.2815
26135,Oscoda,MI,1177,106,0,80.8,0,1,1177,-84.1294,44.6819
31139,Pierce,NE,748,95,0,80.8,0,5,150,-97.6012,42.2643
13019,Berrien,GA,1750,214,0,80.7,0,1,1750,-83.225,31.2756
41011,Coos,OR,9240,617,0,80.5,0,1,9240,-124.0593,43.1742
27067,Kandiyohi,MN,4610,298,0,80.4,0,11,419,-95.0059,45.1526
28073,Lamar,MS,5281,432,0,80.4,0,19,278,-89.5077,31.2061
40039,Custer,OK,2235,298,0,80.4,0,8,279,-99.0017,35.6385
19151,Pocahontas,IA,885,92,0,80.2,0,4,221,-94.6786,42.7342
27097,Morrison,MN,3656,247,0,80.2,0,14,261,-94.2734,46.0127
48235,Irion,TX,182,53,0,80.2,0,2,91,-100.9824,31.3038
48195,Hansford,TX,380,82,0,80.1,0,1,380,-101.3546,36.2774
01067,Henry,AL,0,,0,80,0,4,0,-85.2427,31.5115
26101,Manistee,MI,3553,230,0,80,0,6,592,-86.0563,44.3335
48057,Calhoun,TX,1848,265,0,79.9,0,2,924,-96.6171,28.4716
20151,Pratt,KS,1040,151,0,79.8,0,1,1040,-98.7392,37.6478
28001,Adams,MS,3586,344,0,79.8,0,7,512,-91.3533,31.4767
28159,Winston,MS,2050,254,0,79.8,0,5,410,-89.0339,33.0875
28151,Washington,MS,4404,373,0,79.7,0,4,1101,-90.9418,33.2837
37055,Dare,NC,4743,392,0,79.7,0,11,431,-75.7184,35.6712
20169,Saline,KS,5505,534,0,79.6,0,1,5505,-97.6519,38.7837
16047,Gooding,ID,1471,222,0,79.5,0,3,490,-114.8107,42.9692
48403,Sabine,TX,1479,242,0,79.5,0,4,370,-93.8544,31.3432
13259,Stewart,GA,450,104,0,79.4,0,4,112,-84.8347,32.0783
48389,Reeves,TX,845,220,0,79.4,0,1,845,-103.6904,31.3238
30049,Lewis and Clark,MT,7558,486,0,79.3,0,1,7558,-112.3931,47.1255
48405,San Augustine,TX,1142,189,0,79.3,0,5,228,-94.17,31.3946
13277,Tift,GA,3666,371,0,79.2,0,2,1833,-83.5236,31.4574
26109,Menominee,MI,3164,249,0,79.2,0,1,3164,-87.5537,45.5804
05021,Clay,AR,0,,0,79.1,0,6,0,-90.4148,36.3683
30023,Deer Lodge,MT,1203,173,0,79.1,0,1,1203,-113.0733,46.0595
55123,Vernon,WI,3244,212,0,79,0,19,171,-90.8325,43.5942
48333,Mills,TX,643,107,0,78.9,0,9,71,-98.5942,31.4948
29179,Reynolds,MO,712,108,0,78.8,0,12,59,-90.9701,37.3609
13173,Lanier,GA,810,197,0,78.6,0,4,202,-83.066,31.0373
20001,Allen,KS,1480,167,0,78.6,0,13,114,-95.3003,37.8858
28147,Walthall,MS,1562,267,0,78.6,0,16,98,-90.1046,31.149
40031,Comanche,OK,8876,594,0,78.6,0,8,1110,-98.472,34.6598
48457,Tyler,TX,2351,262,0,78.5,0,21,112,-94.3764,30.7719
56003,Big Horn,WY,1297,168,0,78.5,0,1,1297,-107.9959,44.524
18153,Sullivan,IN,2073,197,0,78.4,0,13,159,-87.4141,39.0895
48189,Hale,TX,2451,293,0,78.4,0,1,2451,-101.8267,34.0704
19059,Dickinson,IA,2644,230,0,78.3,0,5,529,-95.151,43.3779
20127,Morris,KS,755,114,0,78.3,0,2,378,-96.6513,38.6883
22115,Vernon,LA,3554,283,0,78.3,0,3,1185,-93.182,31.1086
16035,Clearwater,ID,1233,150,0,78,0,1,1233,-115.6531,46.6735
48385,Real,TX,492,149,0,78,0,8,62,-99.8161,29.8334
48411,San Saba,TX,657,105,0,78,0,9,73,-98.8178,31.1564
13177,Lee,GA,2456,324,0,77.9,0,2,1228,-84.1457,31.7792
28091,Marion,MS,2566,311,0,77.9,0,18,143,-89.8209,31.2313
31125,Nance,NE,390,71,0,77.9,0,3,130,-97.9933,41.3975
28103,Noxubee,MS,1010,165,0,77.8,0,1,1010,-88.5695,33.1101
05137,Stone,AR,0,,0,77.6,0,4,0,-92.1563,35.8618
19051,Davis,IA,855,109,0,77.6,0,6,142,-92.4101,40.7477
23007,Franklin,ME,3608,363,0,77.6,0,6,601,-70.4447,44.9736
48297,Live Oak,TX,1143,169,0,77.6,0,8,143,-98.1247,28.351
28015,Carroll,MS,1240,229,0,77.5,0,5,248,-89.9199,33.4483
48283,La Salle,TX,749,267,0,77.5,0,8,94,-99.0997,28.3446
48507,Zavala,TX,784,211,0,77.5,0,8,98,-99.7605,28.8662
13321,Worth,GA,2317,269,0,77.3,0,2,1158,-83.8509,31.5517
13209,Montgomery,GA,832,131,0,77.2,0,5,166,-82.5353,32.1721
40115,Ottawa,OK,3023,156,0,77.2,0,5,605,-94.8101,36.8353
17049,Effingham,IL,3419,289,0,77.1,0,11,311,-88.5898,39.0597
26069,Iosco,MI,3965,262,0,77.1,0,2,1982,-83.6348,44.3549
48361,Orange,TX,7407,553,0,76.9,0,21,353,-93.892,30.1165
13037,Calhoun,GA,528,91,0,76.6,0,1,528,-84.6259,31.5309
16071,Oneida,ID,466,100,0,76.6,0,2,233,-112.5408,42.1949
13017,Ben Hill,GA,1797,220,0,76.4,0,1,1797,-83.2215,31.761
55023,Crawford,WI,2032,138,0,76.4,0,18,113,-90.9307,43.2387
53039,Klickitat,WA,2918,321,0,76.3,0,17,172,-120.7914,45.8733
13307,Webster,GA,245,98,0,76.1,0,3,82,-84.5474,32.0407
27083,Lyon,MN,2367,202,0,76.1,0,3,789,-95.8381,44.4133
46111,Sanborn,SD,243,47,0,76,0,2,122,-98.091,44.0235
08073,Lincoln,CO,0,,0,75.9,0,21,0,-103.5137,38.9875
13287,Turner,GA,1009,200,0,75.9,0,2,504,-83.6207,31.7161
20125,Montgomery,KS,3377,326,0,75.9,0,6,563,-95.7433,37.1924
29081,Harrison,MO,1016,134,0,75.8,0,11,92,-93.9922,40.3557
53009,Clallam,WA,13055,669,0,75.8,0,30,435,-123.9276,48.0512
05097,Montgomery,AR,0,,0,75.7,0,4,0,-93.6582,34.5372
29069,Dunklin,MO,2989,262,0,75.7,0,7,427,-90.0912,36.2717
13229,Pierce,GA,1794,262,0,75.6,0,11,163,-82.2163,31.3601
17033,Crawford,IL,1995,197,0,75.6,0,3,665,-87.7595,39.0032
22127,Winn,LA,1401,222,0,75.6,0,3,467,-92.6379,31.9447
05067,Jackson,AR,0,,0,75.4,0,9,0,-91.2145,35.5971
13101,Echols,GA,263,97,0,75.4,0,14,19,-82.8955,30.7109
55107,Rusk,WI,1854,144,0,75.4,0,8,232,-91.1333,45.475
16079,Shoshone,ID,1597,159,0,75.2,0,2,798,-115.8917,47.3536
26079,Kalkaska,MI,1934,154,0,75.2,0,1,1934,-85.0901,44.6831
47071,Hardin,TN,3468,295,0,75.2,0,8,434,-88.1859,35.1973
13239,Quitman,GA,340,111,0,75,0,2,170,-85.0185,31.8623
35029,Luna,NM,2600,393,0,75,0,5,520,-107.7509,32.1818
19035,Cherokee,IA,1521,168,0,74.9,0,2,760,-95.6239,42.7354
53019,Ferry,WA,1100,135,0,74.9,0,1,1100,-118.5154,48.4711
01107,Pickens,AL,0,,0,74.8,0,12,0,-88.0881,33.281
05055,Greene,AR,0,,0,74.8,0,6,0,-90.5582,36.1174
48393,Roberts,TX,72,31,0,74.8,0,1,72,-100.8132,35.8381
19147,Palo Alto,IA,1079,108,0,74.7,0,3,360,-94.6782,43.0819
41021,Gilliam,OR,311,81,0,74.6,0,1,311,-120.2043,45.3704
29161,Phelps,MO,3972,335,0,74.5,0,13,306,-91.7935,37.8774
08045,Garfield,CO,0,,0,74.4,0,1,0,-107.9029,39.5992
40063,Hughes,OK,1389,189,0,74.4,0,13,107,-96.2489,35.0493
40135,Sequoyah,OK,3984,252,0,74.4,0,5,797,-94.7546,35.4945
13053,Chattahoochee,GA,192,81,0,74.3,0,9,21,-84.7881,32.3434
26039,Crawford,MI,1779,175,0,74.3,0,1,1779,-84.6101,44.6826
29155,Pemiscot,MO,1514,161,0,74.3,0,7,216,-89.7874,36.2131
42083,McKean,PA,4424,287,0,74.3,0,7,632,-78.5693,41.809
48421,Sherman,TX,237,62,0,74.2,0,1,237,-101.8933,36.2775
29169,Pulaski,MO,2818,359,0,74,0,2,1409,-92.2079,37.8246
31067,Gage,NE,2544,205,0,73.9,0,8,318,-96.6895,40.2619
30107,Wheatland,MT,317,73,0,73.8,0,2,158,-109.8465,46.4665
40093,Major,OK,887,100,0,73.8,0,8,111,-98.5347,36.3115
29217,Vernon,MO,2209,231,0,73.7,0,13,170,-94.3413,37.8458
47181,Wayne,TN,1664,215,0,73.5,0,18,92,-87.7864,35.2387
54101,Webster,WV,1067,170,0,73.5,0,5,213,-80.4202,38.4937
26131,Ontonagon,MI,1076,86,0,73.4,0,1,1076,-89.3139,46.6652
54075,Pocahontas,WV,1068,166,0,73.4,0,12,89,-80.0099,38.3276
28037,Franklin,MS,850,157,0,73.3,0,5,170,-90.8976,31.4773
40061,Haskell,OK,1246,110,0,73.3,0,5,249,-95.1152,35.2225
01069,Houston,AL,0,,0,73.1,0,4,0,-85.2994,31.152
06109,Tuolumne,CA,0,,0,73.1,0,13,0,-119.954,38.0262
17081,Jefferson,IL,3951,269,0,73,0,15,263,-88.9241,38.2997
20011,Bourbon,KS,1561,238,0,73,0,13,120,-94.8487,37.8551
28067,Jones,MS,6508,558,0,73,0,9,723,-89.1689,31.6226
13095,Dougherty,GA,8253,520,0,72.9,0,2,4126,-84.2177,31.5334
32031,Washoe,NV,44299,1279,3,72.9,0,4,11075,-119.6632,40.6661
55017,Chippewa,WI,6707,519,0,72.8,0,21,319,-91.2807,45.0694
27145,Stearns,MN,13279,565,0,72.7,0,15,885,-94.6134,45.552
01045,Dale,AL,0,,0,72.6,0,4,0,-85.611,31.4304
13271,Telfair,GA,1208,217,0,72.6,0,1,1208,-82.9405,31.9327
48371,Pecos,TX,989,204,0,72.5,0,2,494,-102.7238,30.7821
35006,Cibola,NM,2569,354,0,72.4,0,4,642,-107.9994,34.9122
55125,Vilas,WI,3601,208,0,72.2,0,2,1800,-89.5172,46.0547
22107,Tensas,LA,596,94,0,72,0,4,149,-91.3292,32.0078
01063,Greene,AL,0,,0,71.9,0,11,0,-87.9568,32.8552
19007,Appanoose,IA,1526,173,0,71.5,0,6,254,-92.8687,40.7432
35053,Socorro,NM,1713,289,0,71.5,0,4,428,-106.9302,34.0067
48311,McMullen,TX,59,32,0,71.5,0,8,7,-98.5684,28.3524
08051,Gunnison,CO,0,,0,71.4,0,1,0,-107.0321,38.6661
19065,Fayette,IA,2366,182,0,71.4,0,14,169,-91.8441,42.8627
46035,Davison,SD,2229,273,0,71.3,0,2,1114,-98.1445,43.6749
04009,Graham,AZ,0,,0,71.2,0,4,0,-109.8878,32.933
28027,Coahoma,MS,1921,231,0,71.2,0,5,384,-90.6042,34.2276
48335,Mitchell,TX,740,154,0,71.2,0,2,370,-100.9212,32.3062
06089,Shasta,CA,0,,0,71.1,0,1,0,-122.0396,40.7638
13065,Clinch,GA,630,142,0,71.1,0,14,45,-82.7043,30.914
29127,Marion,MO,2892,272,0,71.1,0,2,1446,-91.622,39.806
40137,Stephens,OK,4887,349,0,71.1,0,9,543,-97.8514,34.4856
48285,Lavaca,TX,2646,203,0,71.1,0,39,68,-96.9319,29.3851
13099,Early,GA,1217,176,0,71,0,2,608,-84.9026,31.3216
37095,Hyde,NC,565,168,0,71,0,12,47,-76.1518,35.4202
48387,Red River,TX,1593,199,0,71,0,4,398,-95.0487,33.6189
22049,Jackson,LA,1705,204,0,70.9,0,3,568,-92.5569,32.3026
49007,Carbon,UT,2010,227,0,70.9,0,2,1005,-110.5904,39.6483
04025,Yavapai,AZ,0,,0,70.8,0,19,0,-112.5549,34.5987
13309,Wheeler,GA,595,117,0,70.8,0,3,198,-82.7257,32.1202
56041,Uinta,WY,1712,275,0,70.8,0,4,428,-110.5476,41.2878
19111,Lee,IA,3999,325,0,70.6,0,5,800,-91.4818,40.6418
53077,Yakima,WA,19623,935,0,70.6,0,8,2453,-120.738,46.4574
28153,Wayne,MS,1906,267,0,70.5,0,9,212,-88.6959,31.6419
29093,Iron,MO,1168,141,0,70.4,0,12,97,-90.7735,37.5549
55053,Jackson,WI,2094,186,0,70.1,0,10,209,-90.8057,44.3187
29015,Benton,MO,3128,276,0,70,0,14,223,-93.2876,38.295
29117,Livingston,MO,1581,205,0,70,0,14,113,-93.5492,39.7823
31151,Saline,NE,1189,151,0,70,0,8,149,-97.1409,40.5242
17121,Marion,IL,4033,268,0,69.9,0,16,252,-88.919,38.6496
28113,Pike,MS,4012,372,0,69.9,0,16,251,-90.4039,31.1751
50009,Essex,VT,784,88,0,69.9,0,2,392,-71.7357,44.7271
18167,Vigo,IN,10430,631,0,69.8,0,12,869,-87.3917,39.4294
19193,Woodbury,IA,8904,526,0,69.7,0,9,989,-96.0459,42.3898
28097,Montgomery,MS,1189,192,0,69.7,0,5,238,-89.6173,33.4942
33009,Grafton,NH,10811,515,0,69.7,0,11,983,-71.8195,43.9373
48225,Houston,TX,2607,244,0,69.7,0,6,434,-95.4203,31.3197
05147,Woodruff,AR,0,,0,69.6,0,9,0,-91.2445,35.1862
16073,Owyhee,ID,1174,172,0,69.6,0,3,391,-116.1686,42.5807
46077,Kingsbury,SD,611,75,0,69.6,0,2,306,-97.4914,44.3696
30089,Sanders,MT,1975,221,0,69.5,0,1,1975,-115.1342,47.6761
31185,York,NE,1576,168,0,69.5,0,7,225,-97.5971,40.8727
40029,Coal,OK,614,78,0,69.4,0,9,68,-96.298,34.5883
19005,Allamakee,IA,1647,154,0,69.3,0,15,110,-91.3786,43.2838
53007,Chelan,WA,8495,535,0,69.2,0,28,303,-120.6174,47.8715
04017,Navajo,AZ,0,,0,68.8,0,1,0,-110.3218,35.3997
19025,Calhoun,IA,1247,100,0,68.8,0,4,312,-94.6405,42.3852
22079,Rapides,LA,12226,785,0,68.8,0,3,4075,-92.5312,31.1978
48369,Parmer,TX,760,152,0,68.8,0,1,760,-102.7845,34.5299
48463,Uvalde,TX,2248,290,0,68.7,0,8,281,-99.7623,29.3574
31051,Dixon,NE,608,75,0,68.6,0,9,68,-96.8678,42.4919
48455,Trinity,TX,1940,251,0,68.6,0,23,84,-95.1367,31.0879
13001,Appling,GA,1787,256,0,68.5,0,2,894,-82.2891,31.7485
16041,Franklin,ID,1058,158,0,68.5,0,3,353,-111.815,42.1833
20159,Rice,KS,1030,125,0,68.5,0,1,1030,-98.1999,38.3462
22035,East Carroll,LA,575,129,0,68.5,0,4,144,-91.2338,32.7391
40001,Adair,OK,1651,151,0,68.4,0,5,330,-94.6588,35.8849
46009,Bon Homme,SD,789,90,0,68.3,0,2,394,-97.8859,42.9891
26063,Huron,MI,4354,204,0,68.2,0,11,396,-83.0408,43.8335
05107,Phillips,AR,0,,0,68.1,0,9,0,-90.8481,34.4326
29185,St. Clair,MO,1256,162,0,68.1,0,12,105,-93.7763,38.037
08043,Fremont,CO,0,,0,68,0,23,0,-105.4399,38.4737
13279,Toombs,GA,2716,358,0,67.9,0,5,543,-82.3296,32.1206
16057,Latah,ID,2981,261,0,67.8,0,1,2981,-116.7098,46.814
01031,Coffee,AL,0,,0,67.7,0,8,0,-85.989,31.3993
55057,Juneau,WI,2892,223,0,67.7,0,13,222,-90.114,43.9222
17149,Pike,IL,1716,158,0,67.6,0,15,114,-90.8878,39.6227
40123,Pontotoc,OK,3656,292,0,67.6,0,9,406,-96.683,34.73
40099,Murray,OK,1451,196,0,67.5,0,10,145,-97.0682,34.4811
05019,Clark,AR,0,,0,67.4,0,4,0,-93.1756,34.0499
20131,Nemaha,KS,1069,121,0,67.4,0,13,82,-96.0138,39.7834
13283,Treutlen,GA,736,189,0,67.3,0,5,147,-82.5689,32.4043
53037,Kittitas,WA,3923,335,0,67.3,0,28,140,-120.6782,47.1249
20019,Chautauqua,KS,420,62,0,67.2,0,6,70,-96.2454,37.1499
48037,Bowie,TX,9000,635,0,67.2,0,6,1500,-94.4212,33.4477
49013,Duchesne,UT,1259,110,0,67.2,0,4,315,-110.4252,40.2977
16077,Power,ID,655,142,0,67.1,0,1,655,-112.8396,42.6925
35035,Otero,NM,6121,485,0,67.1,0,6,1020,-105.7398,32.6144
53025,Grant,WA,7516,530,0,67.1,0,2,3758,-119.4501,47.2076
28035,Forrest,MS,6076,497,0,67,0,14,434,-89.2583,31.1896
04003,Cochise,AZ,0,,0,66.9,0,4,0,-109.7517,31.8797
47109,McNairy,TN,3016,278,0,66.9,0,7,431,-88.5648,35.1747
48123,DeWitt,TX,2166,225,0,66.9,0,15,144,-97.3568,29.0809
48239,Jackson,TX,1551,250,0,66.9,0,24,65,-96.5775,28.9547
12047,Hamilton,FL,1405,187,0,66.8,0,14,100,-82.9592,30.4996
29121,Macon,MO,1786,166,0,66.8,0,2,893,-92.5645,39.8305
49023,Juab,UT,785,165,0,66.8,0,3,262,-112.7857,39.7011
17191,Wayne,IL,1894,180,0,66.7,0,6,316,-88.4256,38.4289
31027,Cedar,NE,955,91,0,66.7,0,3,318,-97.2531,42.5989
41045,Malheur,OR,2793,225,0,66.7,0,3,931,-117.6221,43.1922
54085,Ritchie,WV,1013,155,0,66.7,0,9,113,-81.0634,39.1808
19027,Carroll,IA,2424,218,0,66.6,0,10,242,-94.8603,42.0362
28043,Grenada,MS,2254,298,0,66.6,0,6,376,-89.8021,33.7679
13075,Cook,GA,1557,214,0,66.5,0,1,1557,-83.4295,31.1607
16025,Camas,ID,81,38,0,66.5,0,3,27,-114.8066,43.4667
17071,Henderson,IL,872,105,0,66.5,0,7,125,-90.9249,40.8191
27063,Jackson,MN,1206,110,0,66.5,0,3,402,-95.154,43.6743
01131,Wilcox,AL,0,,0,66.4,0,4,0,-87.3089,31.9877
28019,Choctaw,MS,1043,192,0,66.4,0,5,209,-89.248,33.346
29029,Camden,MO,6300,442,0,66.4,0,2,3150,-92.7595,38.0235
40053,Grant,OK,476,81,0,66.4,0,9,53,-97.7864,36.7963
55041,Forest,WI,1153,88,0,66.4,0,2,576,-88.7708,45.6668
19177,Van Buren,IA,886,96,0,66.3,0,4,222,-91.9502,40.7533
53013,Columbia,WA,635,106,0,66.3,0,2,318,-117.9052,46.2944
30103,Treasure,MT,77,25,0,66.2,0,1,77,-107.2667,46.2097
22069,Natchitoches,LA,3443,240,0,66.1,0,3,1148,-93.0982,31.7232
31119,Madison,NE,3276,251,0,66.1,0,7,468,-97.6005,41.9168
55043,Grant,WI,5050,274,0,66.1,0,15,337,-90.7063,42.8672
06033,Lake,CA,0,,0,66,0,26,0,-122.7531,39.0989
28063,Jefferson,MS,886,234,0,66,0,5,177,-91.0376,31.734
31043,Dakota,NE,1482,178,0,66,0,9,165,-96.5665,42.3904
54055,Mercer,WV,7474,540,0,66,0,7,1068,-81.1102,37.4048
27081,Lincoln,MN,723,62,0,65.9,0,2,362,-96.2669,44.4131
48199,Hardin,TX,5509,542,0,65.9,0,25,220,-94.3893,30.3336
17051,Fayette,IL,2140,202,0,65.8,0,13,165,-89.0245,39.0005
27127,Redwood,MN,1847,134,0,65.8,0,7,264,-95.2521,44.4055
41065,Wasco,OR,2832,282,0,65.8,0,18,157,-121.1703,45.1623
19009,Audubon,IA,780,100,0,65.7,0,10,78,-94.9058,41.6845
21087,Green,KY,1327,160,0,65.7,0,10,133,-85.5561,37.2654
27075,Lake,MN,1506,165,0,65.7,0,2,753,-91.4446,47.6418
42105,Potter,PA,2171,115,0,65.7,0,12,181,-77.8957,41.7446
48161,Freestone,TX,2137,246,0,65.7,0,27,79,-96.1488,31.7041
17029,Coles,IL,4773,398,0,65.5,0,6,796,-88.2205,39.5221
17159,Richland,IL,1758,195,0,65.5,0,3,586,-88.0842,38.7125
19013,Black Hawk,IA,12494,595,0,65.5,0,8,1562,-92.3052,42.4705
08107,Routt,CO,0,,0,65.4,0,2,0,-106.9906,40.486
48301,Loving,TX,16,19,0,65.4,0,3,5,-103.5811,31.85
55013,Burnett,WI,2551,123,0,65.4,0,18,142,-92.3671,45.863
18181,White,IN,2695,280,0,65.3,0,53,51,-86.8649,40.7491
22085,Sabine,LA,2448,193,0,65.3,0,4,612,-93.5544,31.5639
05095,Monroe,AR,0,,0,65.2,0,9,0,-91.2066,34.6854
19061,Dubuque,IA,10245,463,0,65.2,0,15,683,-90.8818,42.4682
20149,Pottawatomie,KS,2076,247,0,65.2,0,12,173,-96.3424,39.3798
30043,Jefferson,MT,1403,185,0,65.2,0,1,1403,-112.0944,46.1491
49003,Box Elder,UT,3920,277,0,65.2,0,3,1307,-113.0823,41.5212
17065,Hamilton,IL,964,151,0,65,0,6,161,-88.5388,38.0816
05079,Lincoln,AR,0,,0,64.9,0,4,0,-91.737,33.9593
30037,Golden Valley,MT,111,24,0,64.9,0,2,56,-109.1742,46.3833
21099,Hart,KY,1775,242,0,64.8,0,26,68,-85.8846,37.2994
22011,Beauregard,LA,3181,303,0,64.8,0,3,1060,-93.3418,30.6484
08087,Morgan,CO,0,,0,64.7,0,27,0,-103.8093,40.2628
18055,Greene,IN,3245,248,0,64.6,0,19,171,-86.9622,39.0363
01033,Colbert,AL,0,,0,64.5,0,2,0,-87.802,34.6984
13299,Ware,GA,3541,417,0,64.5,0,13,272,-82.4222,31.0545
20111,Lyon,KS,2741,287,0,64.5,0,13,211,-96.1528,38.4558
47095,Lake,TN,614,107,0,64.4,0,7,88,-89.4892,36.3418
54021,Gilmer,WV,681,127,0,64.4,0,8,85,-80.8594,38.9249
29061,Daviess,MO,900,98,0,64.3,0,14,64,-93.9852,39.9615
40023,Choctaw,OK,1597,172,0,64.3,0,5,319,-95.5477,34.0281
48033,Borden,TX,51,21,0,64.3,0,2,26,-101.4317,32.7436
05001,Arkansas,AR,0,,0,64.2,0,6,0,-91.3708,34.291
17165,Saline,IL,2716,241,0,64,0,5,543,-88.5412,37.7532
55063,La Crosse,WI,11355,676,0,64,0,9,1262,-91.1147,43.9063
27001,Aitkin,MN,2694,153,0,63.8,0,1,2694,-93.412,46.6095
32001,Churchill,NV,2603,310,0,63.8,0,4,651,-118.3362,39.5803
19047,Crawford,IA,1518,169,0,63.7,0,10,152,-95.382,42.0372
18165,Vermillion,IN,1675,212,0,63.6,0,14,120,-87.4617,39.8524
55035,Eau Claire,WI,9745,715,0,63.6,0,21,464,-91.2861,44.7267
13215,Muscogee,GA,17171,840,0,63.5,0,16,1073,-84.8703,32.5078
13261,Sumter,GA,2861,317,0,63.5,0,2,1430,-84.1979,32.0363
28109,Pearl River,MS,5898,461,0,63.5,0,16,369,-89.5867,30.7712
29055,Crawford,MO,2579,275,0,63.5,0,13,198,-91.3053,37.9766
55129,Washburn,WI,2322,144,0,63.5,0,13,179,-91.7905,45.8984
22061,Lincoln,LA,3798,351,0,63.4,0,3,1266,-92.6661,32.6003
28099,Neshoba,MS,2723,374,0,63.4,0,4,681,-89.1173,32.7534
26165,Wexford,MI,3530,239,0,63.3,0,6,588,-85.5782,44.3384
01077,Lauderdale,AL,0,,0,63.2,0,15,0,-87.6561,34.9016
17045,Edgar,IL,2242,256,0,63.1,0,14,160,-87.7475,39.6809
27129,Renville,MN,1608,115,0,63.1,0,14,115,-94.9455,44.7284
48129,Donley,TX,538,111,0,63.1,0,1,538,-100.814,34.9652
22065,Madison,LA,894,127,0,63,0,4,224,-91.2397,32.3692
28119,Quitman,MS,632,102,0,63,0,6,105,-90.2891,34.2516
29205,Shelby,MO,688,84,0,63,0,2,344,-92.0766,39.798
08057,Jackson,CO,0,,0,62.9,0,17,0,-106.3409,40.666
47023,Chester,TN,1699,247,0,62.9,0,7,243,-88.6096,35.4253
47045,Dyer,TN,3614,401,0,62.8,0,7,516,-89.4154,36.0593
19063,Emmet,IA,1193,166,0,62.7,0,3,398,-94.6786,43.3778
19179,Wapello,IA,3473,281,0,62.6,0,6,579,-92.4096,41.0307
30059,Meagher,MT,324,92,0,62.6,0,1,324,-110.888,46.5985
05149,Yell,AR,0,,0,62.4,0,4,0,-93.4093,35.0037
21139,Livingston,KY,1042,163,0,62.4,0,6,174,-88.348,37.2111
31179,Wayne,NE,833,139,0,62.4,0,9,93,-97.1193,42.2093
16087,Washington,ID,1399,192,0,62.3,0,3,466,-116.7848,44.4528
21001,Adair,KY,1884,201,0,62.3,0,10,188,-85.2813,37.1046
31133,Pawnee,NE,383,52,0,62.3,0,9,43,-96.2371,40.1314
40041,Delaware,OK,5346,348,0,62.3,0,5,1069,-94.8033,36.4083
48179,Gray,TX,1903,245,0,62.3,0,1,1903,-100.8129,35.4008
06003,Alpine,CA,0,,0,62.2,0,14,0,-119.8224,38.5968
08015,Chaffee,CO,0,,0,62.2,0,17,0,-106.1927,38.7475
13081,Crisp,GA,2169,366,0,62.2,0,1,2169,-83.7679,31.923
54007,Braxton,WV,1514,212,0,62.2,0,7,216,-80.7201,38.7004
13107,Emanuel,GA,2089,262,0,62,0,5,418,-82.3024,32.5922
13197,Marion,GA,848,143,0,62,0,8,106,-84.5276,32.3471
48229,Hudspeth,TX,181,57,0,62,0,5,36,-105.3882,31.4563
55075,Marinette,WI,5295,374,0,62,0,2,2648,-88.0309,45.3788
05115,Pope,AR,0,,0,61.9,0,4,0,-93.0326,35.451
17085,Jo Daviess,IL,3330,272,0,61.9,0,16,208,-90.2108,42.3654
30081,Ravalli,MT,6218,496,0,61.9,0,1,6218,-114.1189,46.0852
53001,Adams,WA,1260,158,0,61.9,0,2,630,-118.5597,46.9836
19185,Wayne,IA,754,87,0,61.8,0,2,377,-93.3275,40.7397
20031,Coffey,KS,966,118,0,61.8,0,14,69,-95.7338,38.2365
29023,Butler,MO,4627,449,0,61.7,0,1,4627,-90.4105,36.7139
48347,Nacogdoches,TX,5507,409,0,61.7,0,5,1101,-94.6185,31.6196
13185,Lowndes,GA,8718,601,0,61.6,0,7,1245,-83.2703,30.8345
40019,Carter,OK,4665,371,0,61.5,0,15,311,-97.2857,34.251
48431,Sterling,TX,108,48,0,61.5,0,2,54,-101.0501,31.8278
21195,Pike,KY,6254,525,0,61.4,0,10,625,-82.3949,37.4709
01061,Geneva,AL,0,,0,61.3,0,8,0,-85.8357,31.0939
22009,Avoyelles,LA,3787,325,0,61.1,0,4,947,-92.0016,31.0782
29075,Gentry,MO,622,78,0,61.1,0,14,44,-94.4094,40.211
19097,Jackson,IA,2251,196,0,61,0,15,150,-90.5735,42.1718
42053,Forest,PA,778,95,0,61,0,18,43,-79.2323,41.5109
48165,Gaines,TX,1087,253,0,61,0,3,362,-102.6353,32.7406
27095,Mille Lacs,MN,2613,219,0,60.9,0,16,163,-93.6324,45.9369
37177,Tyrrell,NC,465,133,0,60.9,0,15,31,-76.1706,35.8715
16029,Caribou,ID,690,116,0,60.8,0,1,690,-111.5599,42.7704
19141,O'Brien,IA,1645,175,0,60.8,0,2,822,-95.6247,43.0831
21119,Knott,KY,1493,230,0,60.8,0,11,136,-82.955,37.3543
28061,Jasper,MS,1864,271,0,60.8,0,4,466,-89.1179,32.0192
29163,Pike,MO,1808,196,0,60.8,0,15,121,-91.1698,39.3431
54083,Randolph,WV,3259,366,0,60.8,0,13,251,-79.8792,38.7699
21217,Taylor,KY,2604,300,0,60.7,0,10,260,-85.3336,37.3659
40005,Atoka,OK,1464,130,0,60.6,0,2,732,-96.0379,34.3737
19053,Decatur,IA,863,97,0,60.5,0,3,288,-93.7865,40.7374
48045,Briscoe,TX,181,54,0,60.5,0,1,181,-101.2085,34.5303
53051,Pend Oreille,WA,1835,197,0,60.5,0,1,1835,-117.2742,48.5323
27033,Cottonwood,MN,1366,134,0,60.4,0,3,455,-95.1815,44.0069
13025,Brantley,GA,1646,281,0,60.1,0,11,150,-81.9784,31.1959
18101,Martin,IN,1074,175,0,60.1,0,19,57,-86.8038,38.7099
13007,Baker,GA,313,107,0,60,0,1,313,-84.442,31.3257
17055,Franklin,IL,4247,309,0,60,0,15,283,-88.925,37.9919
17109,McDonough,IL,2932,234,0,60,0,9,326,-90.6777,40.4567
30065,Musselshell,MT,756,116,0,59.9,0,1,756,-108.3972,46.4966
54073,Pleasants,WV,734,104,0,59.9,0,21,35,-81.1677,39.3709
05031,Craighead,AR,0,,0,59.8,0,5,0,-90.6324,35.8301
26129,Ogemaw,MI,2852,180,0,59.8,0,2,1426,-84.1273,44.3348
13127,Glynn,GA,10752,709,0,59.7,0,11,977,-81.5382,31.2328
28007,Attala,MS,1930,249,0,59.7,0,5,386,-89.5784,33.0866
05025,Cleveland,AR,0,,0,59.6,0,4,0,-92.1882,33.8976
27101,Murray,MN,1063,88,0,59.6,0,3,354,-95.7633,44.0222
01035,Conecuh,AL,0,,0,59.5,0,12,0,-86.9927,31.4338
16005,Bannock,ID,6959,451,0,59.5,0,1,6959,-112.2233,42.67
17009,Brown,IL,518,96,0,59.5,0,16,32,-90.7506,39.962
28005,Amite,MS,1719,254,0,59.5,0,16,107,-90.805,31.1747
16043,Fremont,ID,1229,156,0,59.4,0,1,1229,-111.4776,44.2315
17195,Whiteside,IL,6371,355,0,59.4,0,20,319,-89.9156,41.7551
48205,Hartley,TX,486,122,0,59.4,0,1,486,-102.6029,35.8401
36003,Allegany,NY,4753,228,0,59.3,0,12,396,-78.0265,42.2576
48373,Polk,TX,4733,369,0,59.3,0,25,189,-94.8282,30.7938
49039,Sanpete,UT,2169,197,0,59.3,0,3,723,-111.5765,39.3732
40071,Kay,OK,4606,334,0,59.2,0,14,329,-97.1442,36.818
48265,Kerr,TX,8123,602,0,59.1,0,13,625,-99.3493,30.0604
55005,Barron,WI,5609,343,0,59.1,0,18,312,-91.8483,45.4237
13315,Wilcox,GA,923,125,0,59,0,1,923,-83.4344,31.975
20073,Greenwood,KS,780,102,0,59,0,2,390,-96.2325,37.8774
29003,Andrew,MO,1964,250,0,59,0,14,140,-94.8017,39.985
21071,Floyd,KY,3733,354,0,58.9,0,10,373,-82.7474,37.5572
01039,Covington,AL,0,,0,58.8,0,9,0,-86.4505,31.2478
20049,Elk,KS,354,51,0,58.7,0,6,59,-96.2437,37.4534
22117,Washington,LA,4624,454,0,58.7,0,12,385,-90.0386,30.853
27065,Kanabec,MN,1793,142,0,58.7,0,16,112,-93.2928,45.9459
28053,Humphreys,MS,812,121,0,58.7,0,4,203,-90.5226,33.1283
46011,Brookings,SD,2437,255,0,58.7,0,2,1218,-96.7908,44.3697
55099,Price,WI,1953,140,0,58.7,0,2,976,-90.361,45.6805
41049,Morrow,OR,995,167,0,58.6,0,1,995,-119.5845,45.4185
48299,Llano,TX,4239,389,0,58.6,0,17,249,-98.6848,30.7065
13043,Candler,GA,1089,185,0,58.5,0,5,218,-82.077,32.4021
16017,Bonner,ID,6565,516,0,58.5,0,1,6565,-116.6018,48.3
19171,Tama,IA,1819,140,0,58.5,0,8,227,-92.5327,42.0799
29173,Ralls,MO,1226,174,0,58.5,0,13,94,-91.5182,39.5284
41041,Lincoln,OR,8415,514,0,58.5,0,19,443,-123.87,44.6424
48337,Montague,TX,2410,233,0,58.5,0,27,89,-97.725,33.6752
56021,Laramie,WY,9059,563,0,58.5,0,5,1812,-104.6887,41.307
17069,Hardin,IL,610,106,0,58.4,0,6,102,-88.2689,37.5182
22019,Calcasieu,LA,17977,1040,0,58.4,0,3,5992,-93.3576,30.2309
31143,Polk,NE,615,82,0,58.4,0,7,88,-97.5667,41.1885
27137,St. Louis,MN,22033,696,1,58.3,0,1,22033,-92.4682,47.6051
05141,Van Buren,AR,0,,0,58.2,0,4,0,-92.5131,35.581
23027,Waldo,ME,5134,344,0,58.2,0,6,856,-69.1252,44.4823
40035,Craig,OK,1493,145,0,58.2,0,5,299,-95.2092,36.7627
47099,Lawrence,TN,4392,340,0,58.2,0,18,244,-87.3979,35.2168
20013,Brown,KS,1086,114,0,58.1,0,14,78,-95.5642,39.8265
01065,Hale,AL,0,,0,58,0,13,0,-87.6328,32.7604
28085,Lincoln,MS,3449,393,0,58,0,5,690,-90.4539,31.5329
54089,Summers,WV,1693,249,0,58,0,6,282,-80.8601,37.6539
55001,Adams,WI,3206,243,0,58,0,15,214,-89.7731,43.9716
19019,Buchanan,IA,1984,161,0,57.9,0,6,331,-91.8351,42.4709
19159,Ringgold,IA,578,95,0,57.9,0,3,193,-94.2437,40.7352
28157,Wilkinson,MS,888,193,0,57.9,0,4,222,-91.3107,31.1603
51081,Greensville,VA,991,167,0,57.9,0,38,26,-77.5558,36.6752
28031,Covington,MS,1709,283,0,57.8,0,6,285,-89.5539,31.6323
54107,Wood,WV,9872,567,0,57.8,0,17,581,-81.5163,39.2097
18045,Fountain,IN,1745,190,0,57.7,0,14,125,-87.242,40.1236
29033,Carroll,MO,986,119,0,57.7,0,15,66,-93.5063,39.4276
29041,Chariton,MO,1002,106,0,57.7,0,13,77,-92.9651,39.516
05023,Cleburne,AR,0,,0,57.6,0,4,0,-92.0264,35.5387
06047,Merced,CA,0,,0,57.5,0,36,0,-120.7204,37.1896
20017,Chase,KS,318,48,0,57.5,0,2,159,-96.5956,38.3029
05027,Columbia,AR,0,,0,57.4,0,4,0,-93.2265,33.2123
06071,San Bernardino,CA,0,,8,57.4,0,15,0,-116.1781,34.8414
01025,Clarke,AL,0,,0,57.3,0,9,0,-87.8349,31.6845
18021,Clay,IN,2680,302,0,57.3,0,12,223,-87.1172,39.3956
51091,Highland,VA,432,112,0,57.3,0,13,33,-79.5613,38.358
19091,Humboldt,IA,1086,119,0,57.2,0,5,217,-94.2072,42.7764
27093,Meeker,MN,2476,183,0,57.2,0,16,155,-94.5284,45.1234
29159,Pettis,MO,4103,317,0,57.2,0,14,293,-93.2847,38.728
22109,Terrebonne,LA,9082,609,0,57.1,0,14,649,-90.8263,29.3724
48237,Jack,TX,778,121,0,57.1,0,27,29,-98.1727,33.2337
12043,Glades,FL,1547,234,0,56.9,0,31,50,-81.1905,26.9557
17145,Perry,IL,2261,255,0,56.8,0,12,188,-89.368,38.0848
19149,Plymouth,IA,2655,241,0,56.8,0,3,885,-96.2137,42.7376
23017,Oxford,ME,7112,417,0,56.8,0,8,889,-70.7576,44.5016
47033,Crockett,TN,1424,161,0,56.8,0,6,237,-89.1492,35.8183
48149,Fayette,TX,3457,301,0,56.8,0,35,99,-96.9208,29.8779
01005,Barbour,AL,0,,0,56.7,0,2,0,-85.3871,31.8683
18093,Lawrence,IN,4925,388,0,56.7,0,19,259,-86.4836,38.8411
20003,Anderson,KS,867,144,0,56.7,0,13,67,-95.2927,38.2141
28101,Newton,MS,2063,253,0,56.7,0,4,516,-89.1184,32.4002
48255,Karnes,TX,1178,159,0,56.7,0,12,98,-97.8596,28.907
55121,Trempealeau,WI,2923,186,0,56.7,0,15,195,-91.3589,44.3037
19055,Delaware,IA,1905,222,0,56.6,0,4,476,-91.3664,42.471
26105,Mason,MI,3908,252,0,56.6,0,7,558,-86.25,43.9951
01113,Russell,AL,0,,0,56.5,0,5,0,-85.1841,32.2873
05039,Dallas,AR,0,,0,56.5,0,4,0,-92.6541,33.9709
17101,Lawrence,IL,1538,183,0,56.5,0,3,513,-87.7288,38.7199
26085,Lake,MI,1628,133,0,56.5,0,6,271,-85.8023,43.9905
13201,Miller,GA,728,130,0,56.4,0,2,364,-84.7315,31.1657
36033,Franklin,NY,4685,336,0,56.4,0,4,1171,-74.2993,44.5904
50027,Windsor,VT,7576,462,0,56.3,0,13,583,-72.585,43.5791
51595,Emporia,VA,630,144,0,56.3,0,33,19,-77.5349,36.6982
06063,Plumas,CA,0,,0,56.2,0,5,0,-120.8393,40.0043
17169,Schuyler,IL,844,116,0,56.2,0,5,169,-90.6111,40.1571
13167,Johnson,GA,968,149,0,56.1,0,7,138,-82.6617,32.7021
19135,Monroe,IA,791,139,0,56.1,0,6,132,-92.8691,41.0299
27115,Pine,MN,3232,195,0,56.1,0,17,190,-92.7407,46.121
51021,Bland,VA,784,135,0,56.1,0,13,60,-81.136,37.1313
05091,Miller,AR,0,,0,56,0,4,0,-93.8914,33.3076
18007,Benton,IN,806,110,0,56,0,49,16,-87.3109,40.6063
19075,Grundy,IA,1373,124,0,56,0,8,172,-92.7883,42.4018
13071,Colquitt,GA,4053,358,0,55.9,0,1,4053,-83.7678,31.1881
19187,Webster,IA,3970,337,0,55.9,0,4,992,-94.1799,42.4285
26053,Gogebic,MI,2064,190,0,55.9,0,2,1032,-89.6938,46.4086
30057,Madison,MT,1275,174,0,55.9,0,1,1275,-111.9167,45.2997
47113,Madison,TN,9759,611,0,55.9,0,7,1394,-88.8408,35.6118
01057,Fayette,AL,0,,0,55.8,0,13,0,-87.7389,33.7208
18017,Cass,IN,3822,317,0,55.8,0,21,182,-86.3483,40.7613
42031,Clarion,PA,4023,222,0,55.8,0,20,201,-79.4228,41.1931
17139,Moultrie,IL,1516,179,0,55.7,0,7,217,-88.621,39.6419
46097,Miner,SD,300,56,0,55.7,0,2,150,-97.6099,44.022
01055,Etowah,AL,0,,0,55.6,0,32,0,-86.0398,34.0457
37093,Hoke,NC,3283,291,0,55.6,0,37,89,-79.2367,35.019
51017,Bath,VA,604,173,0,55.6,0,8,76,-79.7391,38.0585
13249,Schley,GA,454,120,0,55.5,0,5,91,-84.3173,32.2682
21009,Barren,KY,4451,369,0,55.5,0,23,194,-85.9334,36.9647
28105,Oktibbeha,MS,3433,368,0,55.5,0,1,3433,-88.8778,33.4239
36089,St. Lawrence,NY,10439,572,0,55.5,0,3,3480,-75.0655,44.4976
01059,Franklin,AL,0,,0,55.4,0,12,0,-87.8429,34.4424
39163,Vinton,OH,1249,199,0,55.4,0,21,59,-82.4832,39.2521
48349,Navarro,TX,4805,440,0,55.4,0,29,166,-96.4743,32.0462
53049,Pacific,WA,4023,307,0,55.4,0,31,130,-123.7286,46.5542
48143,Erath,TX,3414,313,0,55.3,0,26,131,-98.2177,32.236
12055,Highlands,FL,19609,951,0,55.2,0,35,560,-81.3391,27.3428
13305,Wayne,GA,2737,342,0,55.2,0,10,274,-81.9189,31.5521
18073,Jasper,IN,3271,331,0,55.2,0,61,54,-87.1137,41.0247
28065,Jefferson Davis,MS,1495,233,0,55.2,0,4,374,-89.8267,31.5688
28087,Lowndes,MS,5634,435,0,55.2,0,11,512,-88.4419,33.4739
54025,Greenbrier,WV,4236,385,0,55.2,0,3,1412,-80.4534,37.9464
01133,Winston,AL,0,,0,55.1,0,13,0,-87.3733,34.1503
28161,Yalobusha,MS,1475,184,0,55.1,0,6,246,-89.7097,34.0257
48281,Lampasas,TX,2423,252,0,55.1,0,10,242,-98.2417,31.1952
18121,Parke,IN,1706,206,0,55,0,12,142,-87.2038,39.772
27009,Benton,MN,3188,258,0,55,0,15,213,-93.9974,45.6981
49045,Tooele,UT,3652,315,0,55,0,4,913,-113.1296,40.4486
12037,Franklin,FL,1640,213,0,54.9,0,2,820,-84.8282,29.8376
18103,Miami,IN,3419,306,0,54.9,0,16,214,-86.0452,40.7694
53069,Wahkiakum,WA,714,120,0,54.9,0,25,29,-123.4251,46.2918
19143,Osceola,IA,716,86,0,54.7,0,3,239,-95.6242,43.3782
20077,Harper,KS,636,95,0,54.7,0,1,636,-98.0758,37.1918
26011,Arenac,MI,1926,120,0,54.7,0,4,482,-83.8928,44.0636
37039,Cherokee,NC,4774,408,0,54.7,0,40,119,-84.0597,35.1349
12087,Monroe,FL,9618,665,0,54.6,0,26,370,-81.0779,25.2092
17151,Pope,IL,440,90,0,54.6,0,6,73,-88.5617,37.4137
19045,Clinton,IA,4990,359,0,54.6,0,15,333,-90.5328,41.8998
19057,Des Moines,IA,4379,322,0,54.6,0,5,876,-91.1833,40.9201
12027,DeSoto,FL,4061,404,0,54.5,0,30,135,-81.8096,27.1868
19123,Mahaska,IA,2236,211,0,54.5,0,6,373,-92.6408,41.3352
28051,Holmes,MS,1527,178,0,54.5,0,4,382,-90.0881,33.1249
28055,Issaquena,MS,99,45,0,54.5,0,4,25,-90.9739,32.7253
53065,Stevens,WA,5972,392,0,54.5,0,1,5972,-117.8544,48.4005
13251,Screven,GA,1563,213,0,54.4,0,11,142,-81.6088,32.7498
42065,Jefferson,PA,5079,275,0,54.4,0,19,267,-78.9985,41.1291
48171,Gillespie,TX,4369,419,0,54.4,0,17,257,-98.9468,30.3182
55103,Richland,WI,2173,168,0,54.4,0,12,181,-90.4299,43.3759
28077,Lawrence,MS,1224,216,0,54.3,0,4,306,-90.1083,31.5507
41019,Douglas,OR,15230,705,0,54.3,0,1,15230,-123.1677,43.2809
48383,Reagan,TX,156,68,0,54.3,0,2,78,-101.5233,31.3661
51025,Brunswick,VA,1888,212,0,54.3,0,44,43,-77.8593,36.7637
21153,Magoffin,KY,1129,177,0,54.1,0,11,103,-83.0658,37.7082
29195,Saline,MO,2179,201,0,54.1,0,14,156,-93.2026,39.1373
31141,Platte,NE,3302,288,0,54.1,0,7,472,-97.5214,41.5725
19191,Winneshiek,IA,2317,185,0,54,0,11,211,-91.8442,43.2909
48245,Jefferson,TX,21251,936,0,54,0,26,817,-94.1658,29.8837
54097,Upshur,WV,2626,303,0,54,0,7,375,-80.2369,38.8929
22023,Cameron,LA,527,132,0,53.9,0,3,176,-93.1929,29.8759
30077,Powell,MT,691,117,0,53.9,0,1,691,-112.9359,46.8554
40049,Garvin,OK,2551,216,0,53.9,0,9,283,-97.3082,34.7042
18027,Daviess,IN,2902,242,0,53.8,0,17,171,-87.0718,38.7019
20113,McPherson,KS,3267,309,0,53.8,0,1,3267,-97.6477,38.3918
45009,Bamberg,SC,1769,265,0,53.8,0,11,161,-81.0566,33.2192
01099,Monroe,AL,0,,0,53.7,0,12,0,-87.3699,31.5673
28125,Sharkey,MS,404,86,0,53.7,0,4,101,-90.8159,32.8811
46061,Hanson,SD,255,46,0,53.7,0,2,128,-97.787,43.6747
54071,Pendleton,WV,913,138,0,53.7,0,14,65,-79.3508,38.6831
17173,Shelby,IL,2607,227,0,53.6,0,13,201,-88.8062,39.3912
20197,Wabaunsee,KS,760,99,0,53.6,0,13,58,-96.2035,38.9547
54105,Wirt,WV,536,106,0,53.6,0,7,77,-81.3747,39.0278
18171,Warren,IN,963,121,0,53.5,0,21,46,-87.3561,40.3469
29125,Maries,MO,987,134,0,53.5,0,13,76,-91.9224,38.1629
51640,Galax,VA,750,169,0,53.5,0,19,39,-80.917,36.666
28111,Perry,MS,1167,209,0,53.4,0,5,233,-88.9928,31.1716
31097,Johnson,NE,531,77,0,53.4,0,8,66,-96.2652,40.3926
48289,Leon,TX,1947,293,0,53.4,0,6,324,-95.9939,31.2967
54041,Lewis,WV,1811,207,0,53.4,0,6,302,-80.5002,38.9924
21169,Metcalfe,KY,1076,173,0,53.3,0,25,43,-85.6312,36.9946
42047,Elk,PA,3740,302,0,53.3,0,17,220,-78.6453,41.4284
47135,Perry,TN,1003,188,0,53.3,0,17,59,-87.8615,35.6372
48233,Hutchinson,TX,1897,251,0,53.3,0,1,1897,-101.3547,35.8401
17187,Warren,IL,1746,195,0,53.2,0,9,194,-90.6147,40.8493
39013,Belmont,OH,7737,481,0,53.2,0,26,298,-80.9924,40.0163
40015,Caddo,OK,2325,174,0,53.2,0,8,291,-98.3754,35.1739
21207,Russell,KY,2001,229,0,53,0,11,182,-85.0607,36.9931
48419,Shelby,TX,2255,288,0,53,0,5,451,-94.1456,31.7921
12067,Lafayette,FL,880,203,0,52.9,0,9,98,-83.1816,29.9848
16033,Clark,ID,42,18,0,52.9,0,1,42,-112.3506,44.285
29187,St. Francois,MO,6112,444,0,52.9,0,12,509,-90.4769,37.8136
54047,McDowell,WV,2122,315,0,52.9,0,9,236,-81.6508,37.38
46067,Hutchinson,SD,875,90,0,52.8,0,2,438,-97.7554,43.3345
53075,Whitman,WA,2899,257,0,52.8,0,2,1450,-117.5242,46.9002
06017,El Dorado,CA,0,,0,52.7,0,16,0,-120.5248,38.7801
26151,Sanilac,MI,4806,247,0,52.7,0,25,192,-82.8206,43.4241
12063,Jackson,FL,5491,413,0,52.6,0,3,1830,-85.215,30.7955
20043,Doniphan,KS,750,127,0,52.6,0,14,54,-95.1406,39.7907
30007,Broadwater,MT,819,154,0,52.5,0,1,819,-111.4956,46.3328
37131,Northampton,NC,2722,269,0,52.5,0,38,72,-77.3976,36.4174
06061,Placer,CA,0,,0,52.4,0,16,0,-120.7203,39.0634
40011,Blaine,OK,924,140,0,52.4,0,8,116,-98.433,35.8752
48115,Dawson,TX,930,146,0,52.4,0,2,465,-101.9477,32.7426
48363,Palo Pinto,TX,3065,263,0,52.4,0,26,118,-98.313,32.7531
37113,Macon,NC,5823,457,0,52.3,0,33,176,-83.4175,35.1511
53031,Jefferson,WA,6964,421,0,52.3,0,30,232,-123.5612,47.7533
41059,Umatilla,OR,6750,524,0,52.2,0,1,6750,-118.7361,45.5928
17131,Mercer,IL,1738,148,0,52.1,0,5,348,-90.743,41.2057
17161,Rock Island,IL,15821,751,0,52.1,0,6,2637,-90.5696,41.4659
26113,Missaukee,MI,1657,121,0,52.1,0,6,276,-85.0936,44.3379
29063,DeKalb,MO,1137,147,0,52.1,0,14,81,-94.4048,39.892
40133,Seminole,OK,2355,188,0,52.1,0,13,181,-96.6168,35.1648
16023,Butte,ID,273,68,0,52,0,1,273,-113.1729,43.7236
42121,Venango,PA,6480,342,0,52,0,24,270,-79.7578,41.4032
50025,Windham,VT,5868,383,0,52,0,44,133,-72.7141,42.9891
54067,Nicholas,WV,2942,396,0,52,0,4,736,-80.7976,38.2962
55085,Oneida,WI,5258,335,0,52,0,2,2629,-89.5194,45.7068
06057,Nevada,CA,0,,0,51.9,0,15,0,-120.7667,39.3023
29223,Wayne,MO,1406,193,0,51.9,0,1,1406,-90.4615,37.1142
48193,Hamilton,TX,1104,155,0,51.9,0,16,69,-98.1108,31.7047
51035,Carroll,VA,3940,394,0,51.8,0,19,207,-80.7346,36.7307
51197,Wythe,VA,3417,354,0,51.8,0,15,228,-81.0783,36.9158
13267,Tattnall,GA,2023,284,0,51.7,0,4,506,-82.0554,32.0478
19017,Bremer,IA,2637,206,0,51.7,0,15,176,-92.318,42.7746
12121,Suwannee,FL,4941,503,0,51.6,0,14,353,-82.991,30.1975
13205,Mitchell,GA,2215,305,0,51.6,0,1,2215,-84.1938,31.2248
21055,Crittenden,KY,983,158,0,51.6,0,6,164,-88.0886,37.3584
29227,Worth,MO,276,51,0,51.6,0,12,23,-94.4233,40.4795
31159,Seward,NE,1626,165,0,51.6,0,8,203,-97.1397,40.8724
05073,Lafayette,AR,0,,0,51.5,0,4,0,-93.6051,33.2424
21003,Allen,KY,1973,249,0,51.4,0,17,116,-86.1946,36.752
39111,Monroe,OH,1604,186,0,51.3,0,28,57,-81.0754,39.7299
51111,Lunenburg,VA,1500,228,0,51.3,0,35,43,-78.2413,36.9462
01093,Marion,AL,0,,0,51.2,0,13,0,-87.887,34.137
13091,Dodge,GA,2120,293,0,51.2,0,1,2120,-83.173,32.1754
21075,Fulton,KY,757,138,0,51.2,0,2,378,-89.2014,36.5524
21143,Lyon,KY,1235,200,0,51.2,0,19,65,-88.0789,37.0208
28155,Webster,MS,1083,165,0,51.2,0,4,271,-89.2824,33.6126
37043,Clay,NC,1951,243,0,51.2,0,41,48,-83.7435,35.057
40091,McIntosh,OK,2512,236,0,51.2,0,5,502,-95.6659,35.3723
51117,Mecklenburg,VA,4421,407,0,51.2,0,37,119,-78.3613,36.6789
37153,Richmond,NC,4297,378,0,51.1,0,34,126,-79.7468,35.0057
19157,Poweshiek,IA,2147,238,0,51,0,6,358,-92.5316,41.6863
19175,Union,IA,1350,167,0,51,0,7,193,-94.2423,41.0277
40047,Garfield,OK,5679,519,0,51,0,9,631,-97.7827,36.3791
48069,Castro,TX,618,132,0,51,0,1,618,-102.2617,34.5302
48277,Lamar,TX,5381,460,0,51,0,22,245,-95.5743,33.6699
18083,Knox,IN,3712,347,0,50.9,0,9,412,-87.4172,38.6912
13263,Talbot,GA,844,126,0,50.8,0,29,29,-84.5335,32.6964
19109,Kossuth,IA,1953,168,0,50.8,0,3,651,-94.2069,43.2041
21025,Breathitt,KY,1365,168,0,50.8,0,11,124,-83.3196,37.5233
21061,Edmonson,KY,1377,193,0,50.8,0,26,53,-86.2396,37.2122
45049,Hampton,SC,1908,218,0,50.8,0,11,173,-81.1385,32.7742
29073,Gasconade,MO,1792,167,0,50.7,0,13,138,-91.5085,38.4395
48159,Franklin,TX,1182,197,0,50.7,0,23,51,-95.2192,33.1765
48449,Titus,TX,2528,258,0,50.7,0,7,361,-94.968,33.2134
12059,Holmes,FL,2135,251,0,50.6,0,7,305,-85.813,30.867
18079,Jennings,IN,2466,291,0,50.6,0,40,62,-85.6271,38.9958
19133,Monona,IA,1122,141,0,50.6,0,8,140,-95.9574,42.0522
26143,Roscommon,MI,3926,249,0,50.6,0,1,3926,-84.6107,44.3347
28047,Harrison,MS,18461,859,0,50.6,0,16,1154,-89.1247,30.5136
37163,Sampson,NC,5986,415,0,50.6,0,23,260,-78.3703,34.9922
16081,Teton,ID,773,157,0,50.5,0,1,773,-111.2057,43.753
28107,Panola,MS,3145,390,0,50.5,0,6,524,-89.9506,34.364
28021,Claiborne,MS,915,172,0,50.4,0,4,229,-90.907,31.9706
47039,Decatur,TN,1458,229,0,50.4,0,17,86,-88.1104,35.6005
54095,Tyler,WV,1012,137,0,50.4,0,20,51,-80.8877,39.4681
04019,Pima,AZ,0,,4,50.3,0,15,0,-111.7891,32.0972
06043,Mariposa,CA,0,,0,50.3,0,6,0,-119.9073,37.5798
54013,Calhoun,WV,797,132,0,50.3,0,6,133,-81.1193,38.8432
05077,Lee,AR,0,,0,50.2,0,9,0,-90.7838,34.7848
40105,Nowata,OK,997,129,0,50.1,0,5,199,-95.619,36.7985
50019,Orleans,VT,3353,210,0,50,1,2,1676,-72.2456,44.8298
17015,Carroll,IL,1937,157,0,49.9,1,20,97,-89.9338,42.0683
45027,Clarendon,SC,4190,341,0,49.9,1,10,419,-80.2157,33.6656
13253,Seminole,GA,1309,222,0,49.8,1,2,654,-84.8682,30.9347
30095,Stillwater,MT,1099,125,0,49.8,1,2,550,-109.395,45.6707
31173,Thurston,NE,434,40,0,49.8,1,9,48,-96.5416,42.1572
19083,Hardin,IA,2104,171,0,49.7,1,4,526,-93.2365,42.3835
21155,Marion,KY,1874,232,0,49.7,1,10,187,-85.2691,37.5511
54109,Wyoming,WV,2429,359,0,49.7,1,8,304,-81.5451,37.6123
01047,Dallas,AL,0,,0,49.6,1,13,0,-87.1077,32.3268
21027,Breckinridge,KY,2190,253,0,49.6,1,10,219,-86.4284,37.772
27105,Nobles,MN,1977,186,0,49.6,1,3,659,-95.7533,43.6743
01075,Lamar,AL,0,,0,49.5,1,12,0,-88.0967,33.78
01105,Perry,AL,0,,0,49.5,1,13,0,-87.2977,32.6405
17047,Edwards,IL,749,97,0,49.5,3,4,187,-88.0535,38.4162
17059,Gallatin,IL,692,113,0,49.5,3,5,138,-88.2296,37.7644
21193,Perry,KY,2638,322,0,49.5,1,12,220,-83.2292,37.2502
27055,Houston,MN,2247,189,0,49.5,2,11,204,-91.4914,43.6713
40021,Cherokee,OK,4441,341,0,49.5,3,5,888,-94.9999,35.907
45005,Allendale,SC,956,179,0,49.5,1,11,87,-81.3532,32.9884
17073,Henry,IL,5493,326,0,49.4,1,9,610,-90.1315,41.3528
29221,Washington,MO,2126,242,0,49.4,1,14,152,-90.8794,37.9608
30039,Granite,MT,489,86,0,49.4,1,1,489,-113.4414,46.4061
35057,Torrance,NM,1637,258,0,49.4,1,4,409,-105.849,34.6401
40069,Johnston,OK,1009,100,0,49.4,1,14,72,-96.6599,34.3144
01019,Cherokee,AL,0,,0,49.3,1,45,0,-85.6057,34.176
18131,Pulaski,IN,1363,200,0,49.3,1,58,24,-86.6989,41.0417
28131,Stone,MS,1689,282,0,49.3,2,16,106,-89.1155,30.7919
55137,Waushara,WI,3089,191,0,49.3,1,23,134,-89.2432,44.1132
35028,Los Alamos,NM,1822,263,0,49.2,1,4,456,-106.3134,35.8663
39033,Crawford,OH,4767,334,0,49.2,1,29,164,-82.9199,40.8507
40107,Okfuskee,OK,1102,127,0,49.2,2,13,85,-96.3264,35.4648
29186,Ste. Genevieve,MO,1994,302,0,49.1,2,12,166,-90.195,37.8909
31167,Stanton,NE,613,87,0,49.1,1,7,88,-97.1939,41.917
36041,Hamilton,NY,824,105,0,49.1,1,14,59,-74.4972,43.6615
05145,White,AR,0,,0,49,4,6,0,-91.7469,35.2572
13303,Washington,GA,2083,225,0,49,1,12,174,-82.7936,32.9671
22027,Claiborne,LA,1619,186,0,49,1,3,540,-92.9954,32.823
40103,Noble,OK,1255,165,0,49,2,14,90,-97.2293,36.3896
17099,LaSalle,IL,11317,554,0,48.9,2,55,206,-88.8862,41.3441
50005,Caledonia,VT,3550,264,0,48.9,1,2,1775,-72.1013,44.4684
55078,Menominee,WI,330,67,0,48.9,2,2,165,-88.7096,45.0043
01081,Lee,AL,0,,0,48.8,1,11,0,-85.3513,32.6015
20107,Linn,KS,1091,154,0,48.7,2,13,84,-94.8425,38.2127
20115,Marion,KS,1445,162,0,48.7,1,1,1445,-97.0985,38.3586
17041,Douglas,IL,1998,207,0,48.6,2,7,285,-88.2221,39.7698
17061,Greene,IL,1291,147,0,48.6,5,13,99,-90.3889,39.3591
36043,Herkimer,NY,6958,452,0,48.6,1,12,580,-74.9627,43.4205
01017,Chambers,AL,0,,0,48.5,1,31,0,-85.3907,32.9136
04007,Gila,AZ,0,,0,48.4,3,21,0,-110.8141,33.8019
13145,Harris,GA,3463,404,0,48.4,1,25,139,-84.9056,32.736
21145,McCracken,KY,7757,568,0,48.4,1,6,1293,-88.7045,37.0535
01013,Butler,AL,0,,0,48.3,1,8,0,-86.6806,31.753
19101,Jefferson,IA,2089,241,0,48.3,4,6,348,-91.9485,41.0319
55029,Door,WI,5040,341,0,48.3,1,1,5040,-87.3,44.9586
55113,Sawyer,WI,2519,201,0,48.3,1,3,840,-91.145,45.8793
19165,Shelby,IA,1445,187,0,48.2,4,10,144,-95.3102,41.685
20155,Reno,KS,6967,497,0,48.2,1,1,6967,-98.0861,37.9523
36101,Steuben,NY,10040,427,0,48.2,1,20,502,-77.3821,42.2689
47101,Lewis,TN,1415,258,0,48.2,2,17,83,-87.4921,35.5283
05111,Poinsett,AR,0,,0,48.1,2,5,0,-90.6631,35.5741
18009,Blackford,IN,1458,167,0,48.1,3,27,54,-85.326,40.4746
18111,Newton,IN,1477,192,0,48.1,1,58,25,-87.3964,40.9561
18157,Tippecanoe,IN,12458,722,0,48.1,2,14,890,-86.8941,40.3887
39105,Meigs,OH,2422,240,0,48.1,1,16,151,-82.0304,39.0926
18071,Jackson,IN,4105,392,0,48,4,36,114,-86.04,38.9102
29131,Miller,MO,2574,255,0,48,2,2,1287,-92.4247,38.2152
29141,Morgan,MO,2578,240,0,47.9,2,3,859,-92.8886,38.419
37125,Moore,NC,13633,716,0,47.8,5,33,413,-79.4849,35.3089
04023,Santa Cruz,AZ,0,,0,47.7,2,4,0,-110.8479,31.525
19163,Scott,IA,16219,694,0,47.7,4,6,2703,-90.6196,41.6394
16009,Benewah,ID,1158,153,0,47.6,1,1,1158,-116.6613,47.2164
18119,Owen,IN,2375,262,0,47.6,5,18,132,-86.8376,39.3126
20095,Kingman,KS,761,104,0,47.5,1,1,761,-98.1364,37.5591
28045,Hancock,MS,5553,595,0,47.5,1,16,347,-89.4885,30.4183
37041,Chowan,NC,1995,284,0,47.5,3,14,142,-76.6012,36.1291
19001,Adair,IA,875,92,0,47.4,1,9,97,-94.4711,41.3308
21085,Grayson,KY,2552,284,0,47.4,1,24,106,-86.3421,37.4611
29083,Henry,MO,2676,263,0,47.4,1,15,178,-93.7929,38.3848
39131,Pike,OH,2662,307,0,47.4,1,39,68,-83.0676,39.076
46135,Yankton,SD,2612,305,0,47.4,2,2,1306,-97.3947,43.0092
48437,Swisher,TX,695,135,0,47.4,1,1,695,-101.7349,34.5303
12029,Dixie,FL,1891,270,0,47.3,4,6,315,-83.1572,29.6063
18015,Carroll,IN,2193,218,0,47.3,2,20,110,-86.562,40.5808
22101,St. Mary,LA,4753,440,0,47.3,1,15,317,-91.4481,29.6924
29143,New Madrid,MO,1778,174,0,47.3,1,2,889,-89.6607,36.5967
30097,Sweet Grass,MT,436,90,0,47.3,1,2,218,-109.9413,45.8148
35025,Lea,NM,4371,406,0,47.3,1,3,1457,-103.4124,32.7922
37005,Alleghany,NC,1782,225,0,47.3,1,25,71,-81.1273,36.4942
51159,Richmond,VA,1084,203,0,47.3,3,70,15,-76.7292,37.9376
12123,Taylor,FL,2315,358,0,47.2,1,5,463,-83.6048,30.0488
13175,Laurens,GA,5186,433,0,47.2,1,5,1037,-82.9222,32.4632
29025,Caldwell,MO,958,109,0,47.2,1,13,74,-93.9831,39.6562
37051,Cumberland,NC,24598,854,0,47.2,1,26,946,-78.8273,35.048
42123,Warren,PA,4851,259,0,47.2,2,11,441,-79.2741,41.8137
01027,Clay,AL,0,,0,47.1,2,25,0,-85.8583,33.2698
19029,Cass,IA,1662,168,0,47.1,1,10,166,-94.9279,41.3315
28141,Tishomingo,MS,2217,299,0,47.1,1,5,443,-88.2392,34.7402
33003,Carroll,NH,7715,596,0,47.1,6,12,643,-71.2025,43.8729
54017,Doddridge,WV,812,170,0,47.1,2,20,41,-80.7067,39.2706
55019,Clark,WI,3036,165,0,47.1,1,2,1518,-90.6121,44.7348
17189,Washington,IL,1496,138,0,47,3,12,125,-89.4093,38.3533
49043,Summit,UT,2934,258,0,47,1,4,734,-110.9529,40.8672
01129,Washington,AL,0,,0,46.9,1,9,0,-88.2058,31.4087
08093,Park,CO,0,,0,46.9,2,26,0,-105.7184,39.1206
37187,Washington,NC,1630,275,0,46.9,2,15,109,-76.573,35.8381
05051,Garland,AR,0,,0,46.8,4,4,0,-93.1492,34.577
13165,Jenkins,GA,1090,268,0,46.8,2,7,156,-81.9615,32.7927
28003,Alcorn,MS,3657,369,0,46.8,1,7,522,-88.58,34.8808
54081,Raleigh,WV,8679,667,0,46.7,1,7,1240,-81.2426,37.7704
13093,Dooly,GA,1283,220,0,46.6,1,2,642,-83.7975,32.1563
19087,Henry,IA,2126,174,0,46.6,4,4,532,-91.5444,40.9877
55135,Waupaca,WI,5527,353,0,46.6,1,15,368,-88.9653,44.4707
21045,Casey,KY,1800,233,0,46.5,1,10,180,-84.9273,37.3253
21123,Larue,KY,1370,218,0,46.5,6,13,105,-85.7014,37.5457
29123,Madison,MO,1308,178,0,46.5,1,12,109,-90.3467,37.4787
40085,Love,OK,943,101,0,46.5,1,28,34,-97.2391,33.9527
48163,Frio,TX,1213,202,0,46.3,1,9,135,-99.108,28.8675
37193,Wilkes,NC,8271,559,0,46.2,5,31,267,-81.1615,36.2079
53043,Lincoln,WA,1435,133,0,46.2,1,1,1435,-118.4194,47.5771
17171,Scott,IL,538,67,0,46.1,2,16,34,-90.4782,39.6429
40117,Pawnee,OK,1661,149,0,46.1,5,14,119,-96.7033,36.3174
17005,Bond,IL,1675,203,0,46,4,13,129,-89.4368,38.8884
17199,Williamson,IL,7207,489,0,46,1,12,601,-88.9299,37.7304
23013,Knox,ME,5973,426,0,46,1,6,996,-69.097,44.1101
30047,Lake,MT,3855,274,0,46,1,1,3855,-114.0898,47.6451
31147,Richardson,NE,1035,147,0,46,1,18,58,-95.7176,40.1247
50017,Orange,VT,3518,214,0,45.9,2,6,586,-72.3765,44.0058
17127,Massac,IL,1667,191,0,45.8,1,6,278,-88.7101,37.2207
22075,Plaquemines,LA,1677,233,0,45.8,7,11,152,-89.6032,29.4225
05117,Prairie,AR,0,,0,45.7,4,6,0,-91.553,34.8338
47107,McMinn,TN,5931,456,0,45.7,4,21,282,-84.6147,35.4284
51155,Pulaski,VA,4233,388,0,45.7,1,13,326,-80.7123,37.0647
55065,Lafayette,WI,1701,106,0,45.7,10,17,100,-90.1318,42.6601
13241,Rabun,GA,2517,232,0,45.6,2,40,63,-83.4031,34.8839
17193,White,IL,1777,216,0,45.6,3,5,355,-88.1765,38.0871
29013,Bates,MO,1653,155,0,45.6,3,13,127,-94.3411,38.2527
30061,Mineral,MT,644,127,0,45.6,1,1,644,-114.9999,47.1513
47131,Obion,TN,3489,291,0,45.6,1,7,498,-89.1492,36.3573
19079,Hamilton,IA,1692,198,0,45.5,1,4,423,-93.702,42.3838
45047,Greenwood,SC,7477,503,0,45.5,5,16,467,-82.1273,34.1526
49033,Rich,UT,215,63,0,45.5,1,4,54,-111.2402,41.6261
33019,Sullivan,NH,5342,426,0,45.4,1,50,107,-72.2215,43.3629
39147,Seneca,OH,5490,369,0,45.4,2,45,122,-83.1278,41.1235
39175,Wyandot,OH,2450,233,0,45.4,1,31,79,-83.3072,40.8434
13027,Brooks,GA,1885,293,0,45.3,1,1,1885,-83.583,30.8392
21231,Wayne,KY,2201,277,0,45.3,1,7,314,-84.8252,36.8031
41007,Clatsop,OR,5243,418,0,45.3,1,19,276,-123.6607,45.9971
40113,Osage,OK,5114,353,0,45.2,5,12,426,-96.3964,36.6289
41053,Polk,OR,9077,533,0,45.2,1,19,478,-123.4131,44.9034
05059,Hot Spring,AR,0,,0,45.1,4,4,0,-92.9469,34.3188
47077,Henderson,TN,2805,292,0,45.1,1,21,134,-88.386,35.6558
54059,Mingo,WV,2700,313,0,45.1,2,8,338,-82.1334,37.7305
19037,Chickasaw,IA,1394,147,0,45,2,10,139,-92.3177,43.06
19077,Guthrie,IA,1338,129,0,45,2,9,149,-94.5039,41.6851
48067,Cass,TX,3415,292,0,45,1,5,683,-94.3443,33.0769
18117,Orange,IN,2172,207,0,44.9,5,19,114,-86.4953,38.541
37027,Caldwell,NC,9144,611,0,44.9,1,32,286,-81.5484,35.9527
01079,Lawrence,AL,0,,0,44.8,1,14,0,-87.3107,34.5204
05037,Cross,AR,0,,0,44.8,2,9,0,-90.7715,35.296
17011,Bureau,IL,4077,268,0,44.8,1,23,177,-89.5284,41.4045
13111,Fannin,GA,4046,402,0,44.7,4,38,106,-84.317,34.8643
46127,Union,SD,1690,209,0,44.7,2,3,563,-96.6558,42.8311
13147,Hart,GA,3223,320,0,44.6,6,40,81,-82.9657,34.3463
19073,Greene,IA,1180,145,0,44.6,2,4,295,-94.3967,42.0362
27085,McLeod,MN,3932,282,0,44.6,5,17,231,-94.2729,44.8237
30003,Big Horn,MT,926,116,0,44.6,1,1,926,-107.4922,45.4234
37023,Burke,NC,10176,609,0,44.6,4,31,328,-81.7068,35.7501
42023,Cameron,PA,679,91,0,44.6,1,5,136,-78.2041,41.4363
12115,Sarasota,FL,90431,2051,0,44.5,1,18,5024,-82.3319,27.1854
37165,Scotland,NC,3481,272,0,44.5,1,36,97,-79.4782,34.8391
22105,Tangipahoa,LA,11115,874,0,44.4,9,12,926,-90.4072,30.6289
06011,Colusa,CA,0,,0,44.2,1,27,0,-122.2377,39.183
12079,Madison,FL,2195,233,0,44.2,1,5,439,-83.4779,30.4415
29087,Holt,MO,593,70,0,44.2,1,20,30,-95.2164,40.098
37083,Halifax,NC,5967,477,0,44.2,2,38,157,-77.6556,36.2567
06097,Sonoma,CA,0,,0,44.1,2,45,0,-122.8923,38.5293
21105,Hickman,KY,635,153,0,44.1,1,2,318,-88.9788,36.6795
17157,Randolph,IL,3479,260,0,44,8,12,290,-89.8249,38.0509
21227,Warren,KY,10052,742,0,44,1,26,387,-86.4257,36.997
36105,Sullivan,NY,7663,494,0,44,2,116,66,-74.7638,41.7157
47069,Hardeman,TN,2566,250,0,44,3,7,367,-88.9916,35.2077
21133,Letcher,KY,2362,271,0,43.9,1,9,262,-82.8535,37.1231
39167,Washington,OH,6928,423,0,43.9,1,20,346,-81.4912,39.4569
48341,Moore,TX,1262,231,0,43.8,1,1,1262,-101.893,35.8377
28079,Leake,MS,2155,289,0,43.7,4,4,539,-89.524,32.7537
47143,Rhea,TN,3437,378,0,43.7,3,10,344,-84.9305,35.6055
48019,Bandera,TX,3088,327,0,43.7,8,13,238,-99.246,29.7462
05093,Mississippi,AR,0,,0,43.6,5,5,0,-90.052,35.7627
48117,Deaf Smith,TX,1349,208,0,43.6,1,1,1349,-102.6054,34.9652
29137,Monroe,MO,1122,170,0,43.5,2,2,561,-92.0004,39.4959
36009,Cattaraugus,NY,8195,365,0,43.5,3,13,630,-78.6792,42.2478
47097,Lauderdale,TN,2259,244,0,43.5,5,6,376,-89.6298,35.7579
48227,Howard,TX,2193,227,0,43.5,1,2,1096,-101.4356,32.3062
55033,Dunn,WI,3947,281,0,43.5,3,24,164,-91.8963,44.9456
39009,Athens,OH,4878,452,0,43.3,1,16,305,-82.0429,39.3347
39067,Harrison,OH,1783,219,0,43.3,1,35,51,-81.0922,40.2939
39145,Scioto,OH,7557,519,0,43.3,3,40,189,-82.989,38.8024
01041,Crenshaw,AL,0,,0,43.2,2,4,0,-86.3159,31.7294
35005,Chaves,NM,5595,476,0,43.2,1,1,5595,-104.4628,33.3661
51071,Giles,VA,1979,250,0,43.2,1,14,141,-80.7068,37.3123
01043,Cullman,AL,0,,0,43.1,10,13,0,-86.8691,34.1302
18049,Fulton,IN,2213,279,0,43.1,1,46,48,-86.2625,41.047
37091,Hertford,NC,2528,208,0,43.1,2,27,94,-76.981,36.3608
39141,Ross,OH,7354,474,0,43.1,8,38,194,-83.0598,39.3371
47139,Polk,TN,1898,260,0,43.1,3,34,56,-84.5207,35.1225
48089,Colorado,TX,2528,321,0,43.1,1,35,72,-96.5274,29.6221
37155,Robeson,NC,10518,457,0,43,1,22,478,-79.1025,34.6425
39079,Jackson,OH,3205,325,0,43,2,29,111,-82.6182,39.0191
48287,Lee,TX,1904,262,0,43,9,19,100,-96.9699,30.3123
51183,Sussex,VA,1132,147,0,43,12,26,44,-77.258,36.9244
12077,Liberty,FL,457,103,0,42.9,2,3,152,-84.8829,30.2377
21039,Carlisle,KY,511,106,0,42.9,1,2,256,-88.9669,36.8537
21221,Trigg,KY,1659,250,0,42.9,2,21,79,-87.8733,36.8077
53027,Grays Harbor,WA,9125,576,0,42.9,1,28,326,-123.7833,47.1414
05123,St. Francis,AR,0,,0,42.8,2,9,0,-90.7483,35.022
17185,Wabash,IL,1353,173,0,42.8,3,4,338,-87.8455,38.4413
19117,Lucas,IA,976,117,0,42.8,1,2,488,-93.3278,41.0296
40101,Muskogee,OK,6293,411,0,42.8,5,5,1259,-95.3778,35.6126
53041,Lewis,WA,9221,551,0,42.8,3,46,200,-122.3924,46.5775
18105,Monroe,IN,11093,628,0,42.7,5,20,555,-86.5241,39.1613
51027,Buchanan,VA,2538,323,0,42.7,3,8,317,-82.0375,37.2682
17027,Clinton,IL,3566,285,0,42.6,7,14,255,-89.4243,38.6071
27091,Martin,MN,2435,232,0,42.6,1,3,812,-94.551,43.6743
39043,Erie,OH,9251,633,0,42.6,3,48,193,-82.6293,41.3681
40147,Washington,OK,5869,464,0,42.6,5,5,1174,-95.9051,36.7137
47055,Giles,TN,3532,309,0,42.6,1,19,186,-87.0399,35.2022
01125,Tuscaloosa,AL,0,,0,42.5,10,13,0,-87.5239,33.2883
06005,Amador,CA,0,,0,42.5,10,26,0,-120.6578,38.4454
13109,Evans,GA,1031,169,0,42.5,2,4,258,-81.887,32.1532
48331,Milam,TX,2850,275,0,42.5,3,12,238,-96.976,30.7867
30009,Carbon,MT,1470,168,0,42.4,1,2,735,-109.0266,45.2286
48359,Oldham,TX,118,31,0,42.4,1,1,118,-102.6028,35.4043
01049,DeKalb,AL,0,,0,42.3,5,35,0,-85.8039,34.4616
06115,Yuba,CA,0,,0,42.3,8,17,0,-121.3541,39.2645
12051,Hendry,FL,2840,423,0,42.3,4,30,95,-81.1647,26.5538
21095,Harlan,KY,2779,254,0,42.3,1,14,198,-83.219,36.857
21115,Johnson,KY,2238,331,0,42.3,2,11,203,-82.8264,37.8511
37185,Warren,NC,2789,264,0,42.3,2,33,85,-78.1065,36.3973
55115,Shawano,WI,4610,265,0,42.3,2,3,1537,-88.7644,44.789
06009,Calaveras,CA,0,,0,42.2,2,26,0,-120.5529,38.2054
13141,Hancock,GA,1135,197,0,42.2,3,30,38,-82.9977,33.2721
18075,Jay,IN,2002,185,0,42.2,3,32,63,-85.0065,40.4376
45029,Colleton,SC,4191,384,0,42.2,4,11,381,-80.6683,32.8676
55119,Taylor,WI,2067,149,0,42.2,1,2,1034,-90.5004,45.2118
01015,Calhoun,AL,0,,0,42.1,1,38,0,-85.8263,33.7748
27117,Pipestone,MN,1066,106,0,42.1,2,2,533,-96.2584,44.023
28041,Greene,MS,1050,238,0,42.1,4,8,131,-88.6392,31.2144
45075,Orangeburg,SC,9711,616,0,42.1,3,12,809,-80.7993,33.4398
48471,Walker,TX,5674,592,0,42.1,2,25,227,-95.5743,30.7384
48475,Ward,TX,860,148,0,42.1,1,2,430,-103.0928,31.51
55139,Winnebago,WI,15808,814,0,42.1,2,23,687,-88.6446,44.0688
19089,Howard,IA,1022,130,0,42,10,12,85,-92.317,43.3567
22013,Bienville,LA,1510,190,0,42,3,4,378,-93.0542,32.3457
08041,El Paso,CO,0,,0,41.9,2,24,0,-104.526,38.8323
47121,Meigs,TN,1392,187,0,41.9,3,11,127,-84.8166,35.5115
17135,Montgomery,IL,3203,270,0,41.8,2,15,214,-89.478,39.232
48343,Morris,TX,1409,200,0,41.8,1,6,235,-94.7326,33.113
17117,Macoupin,IL,5151,351,0,41.7,9,15,343,-89.9243,39.2609
22125,West Feliciana,LA,1063,180,0,41.7,1,12,89,-91.4106,30.8781
29139,Montgomery,MO,1242,114,0,41.7,2,13,96,-91.4702,38.9403
45025,Chesterfield,SC,4574,357,0,41.7,1,22,208,-80.1564,34.6413
04005,Coconino,AZ,0,,1,41.6,1,1,0,-111.7711,35.8385
13031,Bulloch,GA,5360,494,0,41.6,2,4,1340,-81.7473,32.3955
32005,Douglas,NV,7892,516,0,41.6,4,4,1973,-119.6187,38.9157
47151,Scott,TN,2020,231,0,41.6,1,5,404,-84.5032,36.4227
01109,Pike,AL,0,,0,41.5,2,2,0,-85.9408,31.804
28071,Lafayette,MS,4155,419,0,41.5,1,6,692,-89.4849,34.3569
54069,Ohio,WV,5276,400,0,41.5,15,25,211,-80.622,40.0955
13281,Towns,GA,2462,227,0,41.4,2,46,54,-83.7412,34.9138
35049,Santa Fe,NM,22899,871,0,41.4,4,4,5725,-105.9765,35.5076
36123,Yates,NY,2776,258,0,41.4,5,17,163,-77.1048,42.6365
48177,Gonzales,TX,2196,319,0,41.4,1,17,129,-97.4942,29.4563
53015,Cowlitz,WA,11444,645,0,41.4,16,32,358,-122.6782,46.1907
54019,Fayette,WV,4825,392,0,41.4,1,4,1206,-81.0835,38.0319
18053,Grant,IN,7007,462,0,41.3,4,20,350,-85.6547,40.5159
46027,Clay,SD,963,155,0,41.3,2,2,482,-96.9766,42.913
21053,Clinton,KY,968,140,0,41.2,1,6,161,-85.1338,36.7258
21063,Elliott,KY,856,179,0,41.1,3,8,107,-83.0969,38.1159
31109,Lancaster,NE,26379,888,0,41.1,7,8,3297,-96.6878,40.7842
47025,Claiborne,TN,3465,330,0,41.1,3,14,248,-83.6578,36.4829
13235,Pulaski,GA,1222,239,0,41,1,1,1222,-83.4755,32.2334
20085,Jackson,KS,1364,176,0,41,1,14,97,-95.7936,39.4168
21213,Simpson,KY,1824,244,0,41,14,20,91,-86.5824,36.7418
37143,Perquimans,NC,1959,231,0,41,9,14,140,-76.406,36.1785
39073,Hocking,OH,2856,272,0,41,13,23,124,-82.4773,39.4967
47075,Haywood,TN,2047,237,0,41,3,7,292,-89.2854,35.5833
12093,Okeechobee,FL,4262,416,0,40.9,2,34,125,-80.8874,27.3858
18169,Wabash,IN,3648,330,0,40.9,1,17,215,-85.7942,40.8461
26017,Bay,MI,12039,570,0,40.9,2,22,547,-83.9873,43.7064
42021,Cambria,PA,17036,644,0,40.9,1,23,741,-78.7172,40.494
45089,Williamsburg,SC,3873,388,0,40.9,2,10,387,-79.7277,33.622
51139,Page,VA,2773,333,0,40.9,7,49,57,-78.4855,38.6227
05069,Jefferson,AR,0,,0,40.8,4,4,0,-91.9325,34.2709
13269,Taylor,GA,965,163,0,40.8,1,21,46,-84.2508,32.5579
31131,Otoe,NE,1772,181,0,40.8,7,8,222,-96.1337,40.6484
47015,Cannon,TN,1393,184,0,40.8,16,21,66,-86.0574,35.8099
48001,Anderson,TX,4701,374,0,40.8,1,17,277,-95.6529,31.816
53059,Skamania,WA,1419,193,0,40.8,7,25,57,-121.9164,46.0241
12023,Columbia,FL,7444,575,0,40.7,4,14,532,-82.6221,30.225
21131,Leslie,KY,1037,241,0,40.7,1,11,94,-83.38,37.0925
05029,Conway,AR,0,,0,40.6,4,4,0,-92.7029,35.2621
13193,Macon,GA,1154,199,0,40.6,1,6,192,-84.0465,32.35
19039,Clarke,IA,1017,165,0,40.6,2,3,339,-93.785,41.0287
47177,Warren,TN,4108,331,0,40.6,2,22,187,-85.7768,35.6725
51147,Prince Edward,VA,2084,276,0,40.6,2,32,65,-78.4359,37.2255
22003,Allen,LA,1710,224,0,40.5,1,3,570,-92.8247,30.6539
28129,Smith,MS,1619,238,0,40.5,4,4,405,-89.5064,32.0174
26059,Hillsdale,MI,5001,282,0,40.3,3,36,139,-84.5931,41.8875
37017,Bladen,NC,3780,424,0,40.3,3,23,164,-78.5588,34.6137
48481,Wharton,TX,4029,414,0,40.3,4,27,149,-96.2232,29.2777
17103,Lee,IL,3686,356,0,40.2,2,63,59,-89.2995,41.7455
32019,Lyon,NV,6588,526,0,40.2,4,4,1647,-119.1883,39.0233
18123,Perry,IN,1916,196,0,40.1,4,10,192,-86.6353,38.0788
22077,Pointe Coupee,LA,2454,322,0,40.1,3,8,307,-91.6021,30.7143
39081,Jefferson,OH,7874,419,0,40.1,14,31,254,-80.7626,40.3861
51077,Grayson,VA,2040,220,0,40.1,3,19,107,-81.2322,36.6568
55011,Buffalo,WI,1526,99,0,40.1,9,24,64,-91.7533,44.3784
21229,Washington,KY,1377,205,0,40,7,12,115,-85.1752,37.7543
29175,Randolph,MO,2349,240,0,40,2,2,1174,-92.4971,39.4401
47081,Hickman,TN,2400,271,0,40,15,17,141,-87.4765,35.8061
39077,Huron,OH,5783,423,0,39.9,2,42,138,-82.5978,41.1468
45085,Sumter,SC,10414,607,0,39.9,4,17,613,-80.3802,33.9188
47053,Gibson,TN,4982,435,0,39.9,1,7,712,-88.9336,35.9944
54063,Monroe,WV,1579,237,0,39.9,1,5,316,-80.5458,37.5627
13191,McIntosh,GA,1777,235,0,39.8,2,11,162,-81.4016,31.4968
13293,Upson,GA,2894,313,0,39.8,3,32,90,-84.2998,32.879
19003,Adams,IA,462,72,0,39.8,1,10,46,-94.6993,41.029
19107,Keokuk,IA,1137,105,0,39.8,4,6,190,-92.1785,41.3365
42117,Tioga,PA,4892,274,0,39.8,1,9,544,-77.2544,41.7726
46079,Lake,SD,1239,169,0,39.8,2,2,620,-97.1293,44.0219
54051,Marshall,WV,3792,390,0,39.8,3,25,152,-80.6659,39.8606
55083,Oconto,WI,4230,288,0,39.8,1,2,2115,-88.2774,45.0279
08049,Grand,CO,0,,0,39.7,1,28,0,-106.1179,40.1061
18031,Decatur,IN,2592,280,0,39.7,9,39,66,-85.5009,39.3071
19197,Wright,IA,1553,173,0,39.7,2,5,311,-93.7352,42.7331
21057,Cumberland,KY,706,120,0,39.7,1,20,35,-85.3905,36.7893
48293,Limestone,TX,2493,240,0,39.7,1,26,96,-96.5809,31.5455
21157,Marshall,KY,3702,375,0,39.6,1,19,195,-88.328,36.8801
21159,Martin,KY,1038,173,0,39.6,2,9,115,-82.5125,37.7999
22091,St. Helena,LA,1221,218,0,39.6,1,14,87,-90.7094,30.8223
42057,Fulton,PA,1709,124,0,39.6,2,60,28,-78.1116,39.9291
47063,Hamblen,TN,6415,534,0,39.6,5,15,428,-83.2632,36.2213
51141,Patrick,VA,2538,293,0,39.6,9,25,102,-80.2866,36.6802
21033,Caldwell,KY,1420,212,0,39.5,1,19,75,-87.8695,37.1475
19011,Benton,IA,2586,228,0,39.4,4,8,323,-92.0646,42.0801
21041,Carroll,KY,944,144,0,39.4,16,38,25,-85.126,38.666
21093,Hardin,KY,9206,583,0,39.4,6,11,837,-85.9632,37.6976
28143,Tunica,MS,721,173,0,39.4,5,6,120,-90.3749,34.6496
36099,Seneca,NY,3626,272,0,39.4,10,16,227,-76.825,42.7808
51193,Westmoreland,VA,2594,293,0,39.4,4,82,32,-76.8021,38.1102
01123,Tallapoosa,AL,0,,0,39.3,2,18,0,-85.7981,32.8661
13039,Camden,GA,4385,399,0,39.3,8,15,292,-81.666,30.9295
13049,Charlton,GA,915,162,0,39.3,4,13,70,-82.1395,30.7837
28025,Clay,MS,2052,255,0,39.3,1,1,2052,-88.778,33.6534
48461,Upton,TX,311,87,0,39.3,2,2,156,-102.0423,31.3687
55095,Polk,WI,5015,280,0,39.3,8,23,218,-92.4418,45.4613
13183,Long,GA,892,184,0,39.2,2,5,178,-81.7495,31.7522
28009,Benton,MS,895,159,0,39.2,4,6,149,-89.1895,34.8168
28149,Warren,MS,4365,382,0,39.2,4,4,1091,-90.8314,32.3596
36017,Chenango,NY,5237,329,0,39.2,6,11,476,-75.6104,42.4937
48291,Liberty,TX,6187,532,0,39.2,21,27,229,-94.8123,30.1512
51051,Dickenson,VA,1790,203,0,39.2,4,9,199,-82.3512,37.1256
01053,Escambia,AL,0,,0,39.1,5,11,0,-87.1598,31.1257
51185,Tazewell,VA,5109,428,0,39.1,3,8,639,-81.5619,37.1231
19127,Marshall,IA,3980,318,0,39,2,8,498,-92.9991,42.0359
21175,Morgan,KY,1228,173,0,39,1,7,175,-83.2556,37.9247
35013,Doña Ana,NM,19681,1015,0,39,5,5,3936,-106.8329,32.3528
39007,Ashtabula,OH,10283,530,0,39,7,26,396,-80.7481,41.7084
45073,Oconee,SC,10194,677,0,39,3,38,268,-83.0667,34.7526
42115,Susquehanna,PA,4910,225,0,38.9,2,22,223,-75.8008,41.8214
47125,Montgomery,TN,12343,727,0,38.9,13,17,726,-87.3855,36.4961
55141,Wood,WI,8525,566,0,38.9,1,8,1066,-90.0416,44.4554
53071,Walla Walla,WA,6580,450,0,38.8,1,1,6580,-118.4793,46.2305
13055,Chattooga,GA,2506,256,0,38.7,6,36,70,-85.3454,34.472
36007,Broome,NY,21900,874,0,38.7,1,12,1825,-75.8167,42.1591
37075,Graham,NC,1049,189,0,38.7,3,31,34,-83.8337,35.3507
42127,Wayne,PA,6553,408,0,38.7,2,96,68,-75.2996,41.6494
18107,Montgomery,IN,3842,356,0,38.6,8,12,320,-86.8935,40.0404
29219,Warren,MO,3402,355,0,38.6,10,13,262,-91.1619,38.7655
42063,Indiana,PA,8971,434,0,38.6,13,21,427,-79.0881,40.6521
28139,Tippah,MS,2090,299,0,38.5,1,6,348,-88.9099,34.7688
45001,Abbeville,SC,2957,283,0,38.5,3,25,118,-82.4626,34.2239
17183,Vermilion,IL,8030,404,0,38.4,2,15,535,-87.7328,40.1837
18037,Dubois,IN,4322,370,0,38.4,3,10,432,-86.8792,38.3659
20035,Cowley,KS,3506,321,0,38.4,1,6,584,-96.8378,37.2378
37137,Pamlico,NC,2000,173,0,38.4,2,7,286,-76.6656,35.1525
47007,Bledsoe,TN,1476,222,0,38.4,5,24,62,-85.2061,35.5993
48097,Cooke,TX,4242,405,0,38.4,5,28,152,-97.2124,33.6398
51057,Essex,VA,1352,202,0,38.4,12,74,18,-76.9385,37.9351
17087,Johnson,IL,1360,155,0,38.3,1,6,227,-88.8817,37.4593
40051,Grady,OK,5010,376,0,38.3,6,8,626,-97.8836,35.015
54015,Clay,WV,858,140,0,38.3,1,3,286,-81.0765,38.4623
13105,Elbert,GA,2328,286,0,38.2,2,36,65,-82.8393,34.113
20139,Osage,KS,1651,147,0,38.2,1,13,127,-95.7271,38.6524
29113,Lincoln,MO,4590,419,0,38.2,10,15,306,-90.9559,39.0535
19105,Jones,IA,2282,249,0,38.1,4,4,570,-91.1314,42.1212
19167,Sioux,IA,3145,275,0,38.1,2,2,1572,-96.1768,43.0822
51103,Lancaster,VA,2281,220,0,38.1,3,57,40,-76.464,37.7189
18077,Jefferson,IN,3433,349,0,38,9,41,84,-85.4363,38.7858
21225,Union,KY,1419,205,0,38,3,6,236,-87.943,37.6617
41043,Linn,OR,13297,691,0,38,1,19,700,-122.5334,44.489
27015,Brown,MN,2987,230,0,37.9,1,14,213,-94.7263,44.2421
41057,Tillamook,OR,3894,352,0,37.8,10,18,216,-123.7121,45.4625
18025,Crawford,IN,1088,141,0,37.7,6,11,99,-86.4449,38.29
28013,Calhoun,MS,1505,176,0,37.7,1,6,251,-89.3369,33.9368
47029,Cocke,TN,4180,370,0,37.7,8,19,220,-83.1211,35.9295
41027,Hood River,OR,2205,271,0,37.6,8,18,122,-121.6545,45.5188
49005,Cache,UT,7095,422,0,37.6,1,3,2365,-111.7372,41.7241
06091,Sierra,CA,0,,0,37.5,3,13,0,-120.523,39.578
36031,Essex,NY,4948,321,0,37.5,2,6,825,-73.773,44.1163
12015,Charlotte,FL,40823,1348,0,37.4,4,16,2551,-81.9295,26.9013
13115,Floyd,GA,9196,599,0,37.4,7,36,255,-85.2158,34.2627
36013,Chautauqua,NY,14240,678,0,37.4,2,6,2373,-79.3669,42.2277
40097,Mayes,OK,3968,317,0,37.4,5,5,794,-95.2317,36.3018
54093,Tucker,WV,940,108,0,37.4,3,26,36,-79.5705,39.1124
17057,Fulton,IL,3761,345,0,37.3,1,7,537,-90.2083,40.4729
26023,Branch,MI,4459,286,0,37.3,2,30,149,-85.0593,41.916
51133,Northumberland,VA,2273,273,0,37.3,1,67,34,-76.4195,37.892
51165,Rockingham,VA,9068,572,0,37.3,6,32,283,-78.87,38.5098
16039,Elmore,ID,2135,274,0,37.2,3,3,712,-115.4702,43.3525
18087,LaGrange,IN,2980,293,0,37.2,4,22,135,-85.4267,41.6423
18133,Putnam,IN,3347,292,0,37.2,9,12,279,-86.8452,39.6644
29021,Buchanan,MO,7984,466,0,37.2,10,14,570,-94.8012,39.6578
29071,Franklin,MO,10591,593,0,37.2,11,13,815,-91.0751,38.4108
21137,Lincoln,KY,2463,278,0,37.1,2,10,246,-84.6566,37.4548
37007,Anson,NC,2450,283,0,37.1,9,34,72,-80.0995,34.974
48425,Somervell,TX,921,166,0,37.1,7,27,34,-97.7741,32.2223
08039,Elbert,CO,0,,0,37,10,27,0,-104.1356,39.2866
17013,Calhoun,IL,562,99,0,37,11,15,37,-90.6636,39.1687
22081,Red River,LA,850,168,0,37,3,4,212,-93.3421,32.0952
26133,Osceola,MI,2596,148,0,37,1,7,371,-85.3257,43.9899
47127,Moore,TN,747,149,0,37,4,21,36,-86.3623,35.2772
55067,Langlade,WI,2534,255,0,37,1,2,1267,-89.0749,45.2627
55077,Marquette,WI,2029,149,0,37,1,23,88,-89.4007,43.8191
01037,Coosa,AL,0,,0,36.9,7,15,0,-86.2489,32.9394
21135,Lewis,KY,1305,187,0,36.9,2,26,50,-83.3777,38.5315
47175,Van Buren,TN,795,133,0,36.9,5,24,33,-85.4516,35.6976
54035,Jackson,WV,3114,387,0,36.9,2,5,623,-81.6815,38.8426
21013,Bell,KY,2524,336,0,36.8,1,12,210,-83.6777,36.7336
37015,Bertie,NC,2422,308,0,36.8,2,18,135,-76.9654,36.0697
13291,Union,GA,4541,375,0,36.7,2,46,99,-83.9897,34.8299
13317,Wilkes,GA,1269,184,0,36.7,4,33,38,-82.7429,33.7828
21187,Owen,KY,1159,186,0,36.7,16,31,37,-84.824,38.5168
23011,Kennebec,ME,14088,659,0,36.7,1,6,2348,-69.7648,44.4105
27047,Freeborn,MN,3767,257,0,36.7,9,27,140,-93.3488,43.6739
39157,Tuscarawas,OH,10019,570,0,36.7,5,41,244,-81.4729,40.4417
42035,Clinton,PA,4025,272,0,36.7,1,11,366,-77.6383,41.2324
06053,Monterey,CA,0,,1,36.6,1,22,0,-121.2423,36.2197
06099,Stanislaus,CA,0,,0,36.6,3,50,0,-120.9971,37.5583
26157,Tuscola,MI,6005,319,0,36.6,1,25,240,-83.4188,43.4657
33005,Cheshire,NH,8947,533,0,36.6,3,54,166,-72.2537,42.9239
29207,Stoddard,MO,3227,278,0,36.5,1,2,1614,-89.945,36.8565
47169,Trousdale,TN,805,224,0,36.5,16,18,45,-86.1609,36.3903
48031,Blanco,TX,1611,221,0,36.5,11,17,95,-98.4,30.2664
17077,Jackson,IL,4686,353,0,36.4,1,12,390,-89.3823,37.7859
29151,Osage,MO,1224,134,0,36.4,2,13,94,-91.8611,38.4614
31039,Cuming,NE,993,129,0,36.4,1,7,142,-96.7873,41.9164
41003,Benton,OR,8793,555,0,36.4,1,19,463,-123.4295,44.492
45043,Georgetown,SC,10391,653,0,36.4,2,9,1155,-79.3319,33.4345
51750,Radford,VA,922,161,0,36.4,1,13,71,-80.5584,37.1229
40119,Payne,OK,5899,440,0,36.3,6,13,454,-96.9756,36.0769
08119,Teller,CO,0,,0,36.2,3,25,0,-105.1622,38.8818
12107,Putnam,FL,9040,558,0,36.2,11,27,335,-81.7423,29.6078
28029,Copiah,MS,2870,321,0,36.2,4,4,718,-90.4457,31.8698
31023,Butler,NE,899,106,0,36.2,3,8,112,-97.131,41.227
48321,Matagorda,TX,3400,404,0,36.2,1,26,131,-96.0123,28.8196
51005,Alleghany,VA,2148,229,0,36.2,1,9,239,-80.0022,37.7864
17115,Macon,IL,11808,570,0,36.1,4,7,1687,-88.9634,39.8607
45081,Saluda,SC,2050,218,0,36.1,5,17,121,-81.7273,34.0078
47067,Hancock,TN,807,139,0,36.1,2,15,54,-83.2238,36.5269
36025,Delaware,NY,5872,330,0,36,1,23,255,-74.9676,42.1994
47085,Humphreys,TN,2154,290,0,36,1,17,127,-87.7799,36.0396
04021,Pinal,AZ,0,,0,35.9,7,24,0,-111.3436,32.9046
18067,Howard,IN,9185,598,0,35.9,9,14,656,-86.1167,40.4835
22039,Evangeline,LA,2748,282,0,35.9,3,4,687,-92.3995,30.73
27131,Rice,MN,5831,381,0,35.9,22,27,216,-93.2966,44.3543
55049,Iowa,WI,2418,186,0,35.9,10,13,186,-90.1344,43.0001
05105,Perry,AR,0,,0,35.8,4,4,0,-92.9375,34.9445
18137,Ripley,IN,2920,285,0,35.8,16,40,73,-85.2621,39.1024
19023,Butler,IA,1723,126,0,35.8,2,16,108,-92.7902,42.7317
37173,Swain,NC,1560,212,0,35.8,5,17,92,-83.488,35.4892
48003,Andrews,TX,927,168,0,35.8,2,3,309,-102.6377,32.3047
50021,Rutland,VT,7595,433,0,35.8,2,8,949,-73.0356,43.5805
51119,Middlesex,VA,1878,222,0,35.8,4,54,35,-76.5506,37.6319
54001,Barbour,WV,1691,251,0,35.8,2,20,85,-80.0056,39.1289
54103,Wetzel,WV,1768,232,0,35.8,2,21,84,-80.6402,39.6066
18085,Kosciusko,IN,7486,447,0,35.7,2,15,499,-85.8606,41.2449
39101,Marion,OH,6450,460,0,35.7,11,28,230,-83.1584,40.5859
48467,Van Zandt,TX,6720,517,0,35.7,2,30,224,-95.8377,32.5648
51037,Charlotte,VA,1406,194,0,35.7,1,35,40,-78.6631,37.0191
31127,Nemaha,NE,744,108,0,35.6,1,9,83,-95.8543,40.3851
39047,Fayette,OH,2850,291,0,35.6,16,39,73,-83.4561,39.5602
47035,Cumberland,TN,10393,597,0,35.6,1,11,945,-84.9969,35.9534
47049,Fentress,TN,2349,283,0,35.6,1,8,294,-84.9287,36.3813
48407,San Jacinto,TX,3029,444,0,35.6,3,26,116,-95.1627,30.5794
08097,Pitkin,CO,0,,0,35.5,1,2,0,-106.9257,39.2171
54087,Roane,WV,1667,212,0,35.5,1,6,278,-81.3524,38.7162
55111,Sauk,WI,6817,402,0,35.5,10,19,359,-89.9493,43.4253
01009,Blount,AL,0,,0,35.4,10,14,0,-86.5674,33.9824
29147,Nodaway,MO,1973,175,0,35.4,1,17,116,-94.8813,40.3608
42081,Lycoming,PA,12576,527,0,35.4,3,24,524,-77.0667,41.3433
48493,Wilson,TX,4490,418,0,35.4,9,17,264,-98.0868,29.1741
51580,Covington,VA,651,120,0,35.4,1,9,72,-79.9866,37.7767
55097,Portage,WI,6595,412,0,35.4,1,13,507,-89.5016,44.4756
21021,Boyle,KY,3246,318,0,35.3,1,12,270,-84.8634,37.6268
25003,Berkshire,MA,17217,743,0,35.3,8,49,351,-73.2068,42.3745
33001,Belknap,NH,7782,525,0,35.3,3,40,195,-71.4214,43.5177
37123,Montgomery,NC,3009,268,0,35.3,2,33,91,-79.9038,35.3313
51163,Rockbridge,VA,3156,348,0,35.3,7,10,316,-79.446,37.812
51175,Southampton,VA,1988,275,0,35.3,7,24,83,-77.1023,36.7249
01127,Walker,AL,0,,0,35.2,11,13,0,-87.3006,33.8035
12003,Baker,FL,2317,356,0,35.2,11,14,166,-82.2847,30.3306
18127,Porter,IN,16804,858,0,35.2,34,54,311,-87.0693,41.4648
45013,Beaufort,SC,28486,1289,0,35.2,2,6,4748,-80.7324,32.3863
48063,Camp,TX,1208,189,0,35.2,2,6,201,-94.9775,32.9719
45061,Lee,SC,1884,249,0,35.1,4,20,94,-80.2567,34.1639
21171,Monroe,KY,1135,157,0,35,1,18,63,-85.716,36.7123
24037,St. Mary's,MD,8315,624,0,35,23,67,124,-76.6063,38.3006
48395,Robertson,TX,1904,257,0,35,1,15,127,-96.514,31.0252
55051,Iron,WI,981,95,0,35,1,3,327,-90.243,46.263
13087,Decatur,GA,2826,365,0,34.9,1,2,1413,-84.5762,30.8797
16075,Payette,ID,2564,346,0,34.9,3,3,855,-116.7648,44.0055
20005,Atchison,KS,1595,240,0,34.9,7,14,114,-95.3088,39.5318
21043,Carter,KY,2846,327,0,34.9,2,15,190,-83.0511,38.3165
27141,Sherburne,MN,6370,454,0,34.9,10,17,375,-93.7763,45.4445
27147,Steele,MN,3794,332,0,34.9,10,27,141,-93.2263,44.0224
37127,Nash,NC,10177,636,0,34.9,7,19,536,-77.9845,35.9611
48027,Bell,TX,24201,962,0,34.9,6,11,2200,-97.4787,31.0372
55117,Sheboygan,WI,12031,609,0,34.9,7,24,501,-87.9458,43.721
13125,Glascock,GA,305,61,0,34.8,2,12,25,-82.613,33.2288
17155,Putnam,IL,669,78,0,34.8,1,56,12,-89.2892,41.2021
21129,Lee,KY,731,139,0,34.8,2,7,104,-83.7151,37.5964
45011,Barnwell,SC,2185,237,0,34.8,2,11,199,-81.4357,33.2668
45023,Chester,SC,3328,286,0,34.8,11,23,145,-81.1621,34.6932
46101,Moody,SD,680,93,0,34.8,2,2,340,-96.6708,44.0227
47129,Morgan,TN,2042,236,0,34.8,3,9,227,-84.6488,36.1325
48313,Madison,TX,1059,166,0,34.7,1,25,42,-95.9292,30.9667
54045,Logan,WV,3910,411,0,34.7,3,7,559,-81.9353,37.83
47123,Monroe,TN,5552,417,0,34.6,3,26,214,-84.249,35.4455
13301,Warren,GA,674,114,0,34.5,4,23,29,-82.678,33.4115
36035,Fulton,NY,5832,417,0,34.5,6,12,486,-74.4211,43.1136
48013,Atascosa,TX,4085,428,0,34.5,6,9,454,-98.5273,28.8933
53073,Whatcom,WA,22597,939,1,34.5,2,25,904,-121.7535,48.8235
22037,East Feliciana,LA,1983,302,0,34.4,1,15,132,-91.0452,30.8439
29177,Ray,MO,2356,222,0,34.4,12,15,157,-93.9891,39.3537
45071,Newberry,SC,4141,414,0,34.4,4,22,188,-81.5993,34.2862
48011,Armstrong,TX,246,69,0,34.4,1,1,246,-101.3575,34.9651
48073,Cherokee,TX,4925,430,0,34.4,1,5,985,-95.1656,31.8373
48497,Wise,TX,5837,502,0,34.4,10,28,208,-97.6546,33.2158
51083,Halifax,VA,4791,433,0,34.4,2,40,120,-78.9351,36.7665
13163,Jefferson,GA,1661,212,0,34.3,2,7,237,-82.4161,33.0586
18035,Delaware,IN,10946,614,0,34.3,6,35,313,-85.3973,40.2279
21233,Webster,KY,1253,166,0,34.3,4,5,251,-87.6799,37.5217
37099,Jackson,NC,4820,430,0,34.3,6,17,284,-83.1409,35.2882
47137,Pickett,TN,715,139,0,34.3,1,12,60,-85.0777,36.5559
48035,Bosque,TX,2460,239,0,34.3,1,29,85,-97.6361,31.8998
16055,Kootenai,ID,18665,1003,0,34.2,1,1,18665,-116.7021,47.6728
17075,Iroquois,IL,3209,232,0,34.2,2,53,61,-87.8248,40.7471
19173,Taylor,IA,697,69,0,34.2,1,9,77,-94.6978,40.7371
40125,Pottawatomie,OK,6616,366,0,34.2,8,13,509,-96.9492,35.2062
47083,Houston,TN,904,124,0,34.2,1,17,53,-87.7188,36.2887
48495,Winkler,TX,555,147,0,34.2,1,3,185,-103.0485,31.8501
13213,Murray,GA,3293,313,0,34.1,6,38,87,-84.7466,34.7894
48365,Panola,TX,2429,252,0,34.1,4,5,486,-94.3055,32.164
51135,Nottoway,VA,1593,212,0,34.1,11,33,48,-78.0507,37.1436
06101,Sutter,CA,0,,0,34,9,29,0,-121.6945,39.0341
17095,Knox,IL,5961,387,0,34,1,9,662,-90.2132,40.9316
17177,Stephenson,IL,5871,355,0,34,1,36,163,-89.6623,42.3514
19115,Louisa,IA,1127,120,0,34,4,5,225,-91.261,41.2184
36097,Schuyler,NY,2075,212,0,34,1,17,122,-76.8782,42.3927
51157,Rappahannock,VA,1004,183,0,34,7,68,15,-78.1583,38.683
12013,Calhoun,FL,1275,167,0,33.9,1,3,425,-85.1939,30.4067
13257,Stephens,GA,3057,379,0,33.9,2,43,71,-83.2937,34.5517
18013,Brown,IN,2063,277,0,33.9,6,33,63,-86.2287,39.1961
21147,McCreary,KY,1431,265,0,33.9,1,7,204,-84.481,36.7388
22087,St. Bernard,LA,2952,305,0,33.9,11,14,211,-89.5189,29.8776
47031,Coffee,TN,5681,433,0,33.9,3,21,271,-86.0731,35.4909
48173,Glasscock,TX,82,34,0,33.9,1,2,41,-101.5208,31.8694
18149,Starke,IN,2354,197,0,33.8,1,57,41,-86.6474,41.2817
29157,Perry,MO,1977,207,0,33.8,1,12,165,-89.8274,37.7066
51063,Floyd,VA,1970,235,0,33.8,1,16,123,-80.3674,36.9302
13171,Lamar,GA,1791,245,0,33.7,6,34,53,-84.1426,33.0784
21083,Graves,KY,3670,342,0,33.7,1,3,1223,-88.6514,36.7229
28163,Yazoo,MS,2142,286,0,33.7,4,4,536,-90.3941,32.7814
37031,Carteret,NC,9639,495,1,33.7,1,7,1377,-76.5412,34.8933
48213,Henderson,TX,9992,621,0,33.7,1,30,333,-95.8585,32.2113
06107,Tulare,CA,0,,1,33.6,1,6,0,-118.8023,36.221
13119,Franklin,GA,2493,311,0,33.6,4,43,58,-83.2315,34.3753
17017,Cass,IL,1314,182,0,33.6,2,16,82,-90.2464,39.9705
29133,Mississippi,MO,1286,210,0,33.6,1,2,643,-89.2959,36.8275
37139,Pasquotank,NC,4251,380,0,33.6,9,13,327,-76.2513,36.2672
06103,Tehama,CA,0,,0,33.5,1,1,0,-122.2372,40.1256
12049,Hardee,FL,2159,286,0,33.5,3,34,64,-81.8097,27.4929
17147,Piatt,IL,1832,203,0,33.5,4,7,262,-88.5932,40.0136
18005,Bartholomew,IN,7389,513,0,33.5,6,38,194,-85.8955,39.2074
21007,Ballard,KY,898,119,0,33.5,1,2,449,-88.9943,37.0584
21237,Wolfe,KY,688,152,0,33.5,1,7,98,-83.493,37.7394
47013,Campbell,TN,4391,421,0,33.5,3,7,627,-84.1527,36.4083
47111,Macon,TN,2194,293,0,33.5,1,17,129,-86.0078,36.5316
51678,Lexington,VA,699,180,0,33.5,7,12,58,-79.4462,37.782
27143,Sibley,MN,1478,116,0,33.4,5,23,64,-94.232,44.5797
46087,McCook,SD,571,75,0,33.4,2,2,286,-97.3686,43.6743
48099,Coryell,TX,5203,399,0,33.4,1,16,325,-97.7994,31.3908
19125,Marion,IA,3510,277,0,33.3,2,6,585,-93.0993,41.3345
27165,Watonwan,MN,1193,133,0,33.3,1,12,99,-94.6142,43.9784
39021,Champaign,OH,3952,341,0,33.3,17,39,101,-83.7689,40.1394
42113,Sullivan,PA,902,81,0,33.3,5,22,41,-76.5124,41.4463
45035,Dorchester,SC,13511,895,0,33.3,4,12,1126,-80.4026,33.0788
48065,Carson,TX,648,149,0,33.3,1,1,648,-101.3543,35.4037
54033,Harrison,WV,7173,486,0,33.3,2,21,342,-80.3807,39.2833
22057,Lafourche,LA,8448,567,0,33.2,11,12,704,-90.411,29.5259
39069,Henry,OH,2935,274,0,33.2,4,25,117,-84.0683,41.334
06031,Kings,CA,0,,0,33.1,1,7,0,-119.8162,36.0735
24043,Washington,MD,15165,700,0,33.1,3,65,233,-77.8179,39.6076
41047,Marion,OR,31306,1140,0,33.1,18,19,1648,-122.5886,44.9048
26051,Gladwin,MI,3532,204,0,33,1,8,442,-84.3886,43.9906
36109,Tompkins,NY,8914,568,0,33,6,15,594,-76.4723,42.4495
37047,Columbus,NC,5798,453,0,33,5,8,725,-78.658,34.2679
47003,Bedford,TN,3957,376,0,33,14,21,188,-86.4555,35.5112
48217,Hill,TX,3882,304,0,33,5,28,139,-97.1343,31.9906
51105,Lee,VA,2641,262,0,33,2,14,189,-83.1261,36.7059
54009,Brooke,WV,2977,316,0,33,13,28,106,-80.5792,40.2737
26123,Newaygo,MI,5237,298,0,32.9,5,9,582,-85.8007,43.5544
13265,Taliaferro,GA,281,83,0,32.8,3,32,9,-82.8813,33.5653
39143,Sandusky,OH,6288,426,0,32.8,2,47,134,-83.1379,41.3564
50003,Bennington,VT,4770,376,0,32.8,5,18,265,-73.0933,43.0356
18139,Rush,IN,1725,212,0,32.7,11,39,44,-85.4656,39.62
27025,Chisago,MN,4867,316,0,32.7,15,17,286,-92.9086,45.5021
51660,Harrisonburg,VA,2962,326,0,32.7,6,32,93,-78.875,38.4338
12075,Levy,FL,5602,464,0,32.6,4,26,215,-82.74,29.3183
13237,Putnam,GA,2890,365,0,32.6,5,35,83,-83.3755,33.3206
20059,Franklin,KS,2413,287,0,32.6,7,13,186,-95.2864,38.5644
29049,Clinton,MO,2052,213,0,32.6,10,14,147,-94.4046,39.6013
29107,Lafayette,MO,3292,339,0,32.6,11,15,219,-93.7807,39.0699
40073,Kingfisher,OK,1327,193,0,32.6,8,8,166,-97.9419,35.9453
48119,Delta,TX,579,117,0,32.6,1,26,22,-95.6692,33.3857
37013,Beaufort,NC,6040,420,0,32.5,3,10,604,-76.8417,35.4848
48053,Burnet,TX,6249,439,0,32.5,8,17,368,-98.1817,30.7881
12133,Washington,FL,2540,281,0,32.4,1,7,363,-85.6595,30.6128
28123,Scott,MS,2400,279,0,32.4,4,4,600,-89.5379,32.4067
45065,McCormick,SC,1875,226,0,32.4,2,17,110,-82.3079,33.9016
48257,Kaufman,TX,9582,601,0,32.4,18,31,309,-96.2873,32.5992
48499,Wood,TX,6565,516,0,32.4,3,25,263,-95.3822,32.7871
21091,Hancock,KY,855,133,0,32.3,4,10,86,-86.7826,37.8382
26127,Oceana,MI,2980,199,0,32.3,1,14,213,-86.2673,43.6412
36019,Clinton,NY,7611,444,0,32.3,2,3,2537,-73.6788,44.7453
08123,Weld,CO,0,,0,32.2,4,27,0,-104.3932,40.5546
17125,Mason,IL,1609,152,0,32.2,3,7,230,-89.9177,40.2397
27059,Isanti,MN,3804,306,0,32.2,15,16,238,-93.2949,45.5618
31037,Colfax,NE,695,138,0,32.2,3,7,99,-97.0869,41.5749
37171,Surry,NC,8169,485,0,32.2,5,30,272,-80.6912,36.4169
51097,King and Queen,VA,835,187,0,32.2,12,62,13,-76.8891,37.7133
13275,Thomas,GA,4784,410,0,32.1,1,1,4784,-83.9185,30.8639
13285,Troup,GA,6242,524,0,32.1,2,33,189,-85.0285,33.0367
27171,Wright,MN,10265,562,0,32.1,10,17,604,-93.963,45.1739
05053,Grant,AR,0,,0,32,4,4,0,-92.4232,34.2902
21163,Meade,KY,2358,247,0,32,6,11,214,-86.2103,37.9616
25011,Franklin,MA,9122,410,0,32,7,69,132,-72.583,42.5836
39063,Hancock,OH,7672,552,0,32,3,36,213,-83.6684,41.0025
40087,McClain,OK,3529,314,0,32,8,8,441,-97.4459,35.0113
45057,Lancaster,SC,11993,881,0,32,10,23,521,-80.7052,34.6827
01011,Bullock,AL,0,,0,31.9,2,3,0,-85.7103,32.0995
06079,San Luis Obispo,CA,0,,0,31.9,1,4,0,-120.4053,35.3883
36065,Oneida,NY,24600,891,0,31.9,6,12,2050,-75.4389,43.2421
20191,Sumner,KS,2313,220,0,31.7,1,1,2313,-97.4772,37.2368
21103,Henry,KY,1520,170,0,31.7,10,29,52,-85.1159,38.4494
27043,Faribault,MN,1690,133,0,31.7,1,25,68,-93.9479,43.6738
39121,Noble,OH,1542,211,0,31.7,1,34,45,-81.4522,39.7664
47057,Grainger,TN,2580,280,0,31.7,3,15,172,-83.5128,36.2751
40095,Marshall,OK,1757,190,0,31.6,1,27,65,-96.7686,34.0232
19085,Harrison,IA,1514,157,0,31.5,7,8,189,-95.8156,41.6833
29101,Johnson,MO,3610,357,0,31.5,11,15,241,-93.8069,38.7472
37181,Vance,NC,4588,436,0,31.5,13,31,148,-78.4067,36.3688
47117,Marshall,TN,3143,338,0,31.5,15,21,150,-86.7642,35.458
18125,Pike,IN,1343,169,0,31.4,3,10,134,-87.2357,38.4012
17105,Livingston,IL,3812,299,0,31.3,4,56,68,-88.5578,40.8919
37189,Watauga,NC,4752,423,0,31.3,4,28,170,-81.7003,36.2311
39091,Logan,OH,4696,407,0,31.3,9,38,124,-83.7682,40.3897
42055,Franklin,PA,17096,746,0,31.3,2,67,255,-77.7215,39.9295
06069,San Benito,CA,0,,0,31.2,1,26,0,-121.0704,36.6033
26025,Calhoun,MI,13472,631,0,31.2,3,35,385,-85.0051,42.2463
37061,Duplin,NC,5265,409,0,31.2,5,22,239,-77.9315,34.9314
40111,Okmulgee,OK,3809,275,0,31.2,5,13,293,-95.9642,35.6466
13123,Gilmer,GA,4311,436,0,31.1,13,40,108,-84.4562,34.6886
21189,Owsley,KY,498,114,0,31.1,2,5,100,-83.6881,37.4282
27017,Carlton,MN,3552,266,0,31.1,1,2,1776,-92.6767,46.592
28137,Tate,MS,2559,335,0,31.1,5,6,426,-89.9449,34.6513
36121,Wyoming,NY,4031,304,0,31.1,10,12,336,-78.2219,42.7015
16015,Boise,ID,999,171,0,31,3,3,333,-115.7309,43.9892
16065,Madison,ID,1514,190,0,31,1,1,1514,-111.6597,43.7868
19189,Winnebago,IA,1249,129,0,31,2,12,104,-93.7341,43.3775
28117,Prentiss,MS,2497,306,0,31,1,6,416,-88.5199,34.6181
13023,Bleckley,GA,1251,226,0,30.9,1,6,208,-83.3304,32.4383
28127,Simpson,MS,2622,312,0,30.9,4,4,656,-89.9172,31.9128
29007,Audrain,MO,2628,230,0,30.9,2,13,202,-91.8423,39.2159
51049,Cumberland,VA,1203,261,0,30.9,17,24,50,-78.2439,37.5133
51195,Wise,VA,3775,352,0,30.9,5,11,343,-82.6241,36.9748
55127,Walworth,WI,10695,581,0,30.9,16,71,151,-88.5419,42.6685
06021,Glenn,CA,0,,0,30.8,1,9,0,-122.3921,39.6024
18175,Washington,IN,2724,262,0,30.8,6,31,88,-86.1049,38.6022
21141,Logan,KY,2930,305,0,30.8,14,21,140,-86.8788,36.8598
22007,Assumption,LA,2129,288,0,30.8,1,15,142,-91.0616,29.9003
27169,Winona,MN,4774,380,0,30.8,8,23,208,-91.7808,43.9877
42005,Armstrong,PA,8104,383,0,30.8,13,23,352,-79.465,40.8126
42019,Butler,PA,21260,795,0,30.8,14,30,709,-79.9133,40.9121
50011,Franklin,VT,4598,363,0,30.8,2,2,2299,-72.9131,44.8561
22103,St. Tammany,LA,26340,1108,0,30.7,11,12,2195,-89.9569,30.4096
47043,Dickson,TN,4985,393,0,30.7,15,17,293,-87.3589,36.1467
48223,Hopkins,TX,3723,324,0,30.7,1,26,143,-95.5635,33.1488
13181,Lincoln,GA,1031,165,0,30.6,2,22,47,-82.4502,33.792
17137,Morgan,IL,3756,307,0,30.6,2,16,235,-90.2025,39.7166
29053,Cooper,MO,1799,171,0,30.6,2,13,138,-92.809,38.8445
36039,Greene,NY,5869,459,0,30.6,5,49,120,-74.1238,42.2758
40081,Lincoln,OK,3413,244,0,30.6,8,13,263,-96.881,35.7028
45055,Kershaw,SC,6905,596,0,30.6,3,17,406,-80.5877,34.3396
47161,Stewart,TN,1609,232,0,30.6,1,17,95,-87.8392,36.5024
51029,Buckingham,VA,1789,226,0,30.6,10,23,78,-78.526,37.5732
37195,Wilson,NC,8375,550,0,30.5,7,19,441,-77.9197,35.7011
48139,Ellis,TX,14458,860,0,30.5,26,30,482,-96.7939,32.349
18047,Franklin,IN,2425,281,0,30.4,17,40,61,-85.0606,39.4143
21047,Christian,KY,5208,420,0,30.4,1,20,260,-87.4906,36.8927
51053,Dinwiddie,VA,2872,318,0,30.4,11,34,84,-77.6343,37.0766
51171,Shenandoah,VA,5258,364,0,30.4,2,43,122,-78.5681,38.8591
17083,Jersey,IL,2355,254,0,30.3,11,13,181,-90.3538,39.0886
36023,Cortland,NY,4212,292,0,30.3,6,16,263,-76.0705,42.5951
51015,Augusta,VA,9087,585,0,30.3,6,21,433,-79.1246,38.164
22031,De Soto,LA,2766,304,0,30.2,3,5,553,-93.7413,32.0546
21089,Greenup,KY,4316,321,0,30.1,2,23,188,-82.9206,38.5426
21205,Rowan,KY,1974,272,0,30.1,1,23,86,-83.4203,38.1946
37053,Currituck,NC,2712,279,0,30.1,9,14,194,-75.9646,36.3676
12021,Collier,FL,68175,1891,3,30,4,29,2351,-81.3469,26.1109
19099,Jasper,IA,3977,331,0,30,2,6,663,-93.0557,41.6858
18001,Adams,IN,3200,288,0,29.9,3,22,145,-84.9367,40.7458
37011,Avery,NC,2110,249,0,29.9,7,31,68,-81.9231,36.0757
54029,Hancock,WV,3851,356,0,29.9,15,31,124,-80.5746,40.5194
16045,Gem,ID,2287,309,0,29.8,3,3,762,-116.3984,44.0648
18143,Scott,IN,2278,289,0,29.8,6,35,65,-85.7479,38.6882
18179,Wells,IN,2879,263,0,29.8,2,20,144,-85.2213,40.7294
29089,Howard,MO,1100,122,0,29.8,2,3,367,-92.6973,39.1435
31021,Burt,NE,877,100,0,29.8,7,8,110,-96.3261,41.8506
37009,Ashe,NC,3915,374,0,29.8,3,28,140,-81.4968,36.4323
40013,Bryan,OK,4574,438,0,29.8,1,21,218,-96.259,33.9647
08065,Lake,CO,0,,0,29.7,1,25,0,-106.35,39.2026
12017,Citrus,FL,30211,1149,0,29.7,3,29,1042,-82.4764,28.8477
51061,Fauquier,VA,6633,477,0,29.7,29,69,96,-77.8073,38.7331
26075,Jackson,MI,16032,761,0,29.6,11,34,472,-84.4226,42.2481
42085,Mercer,PA,13911,614,0,29.6,1,27,515,-80.2582,41.3026
12045,Gulf,FL,1756,247,0,29.5,1,3,585,-85.2433,29.937
13159,Jasper,GA,1508,230,0,29.5,13,36,42,-83.6884,33.3154
21179,Nelson,KY,4353,371,0,29.5,6,12,363,-85.4684,37.8052
21223,Trimble,KY,842,184,0,29.5,6,38,22,-85.3378,38.6106
45059,Laurens,SC,7037,484,0,29.5,4,26,271,-82.0049,34.4833
16019,Bonneville,ID,9252,611,1,29.4,1,1,9252,-111.6162,43.3871
18069,Huntington,IN,3746,283,0,29.4,1,18,208,-85.4882,40.8291
26087,Lapeer,MI,8977,479,0,29.4,11,27,332,-83.221,43.0901
36021,Columbia,NY,8112,465,0,29.4,5,60,135,-73.6309,42.2482
42039,Crawford,PA,9760,392,0,29.4,2,26,375,-80.1079,41.6846
48325,Medina,TX,4730,453,0,29.4,8,9,526,-99.1103,29.3557
19069,Franklin,IA,1131,141,0,29.3,2,12,94,-93.2626,42.7327
20177,Shawnee,KS,18665,963,0,29.3,1,13,1436,-95.7557,39.041
39139,Richland,OH,13770,723,0,29.3,5,28,492,-82.538,40.7718
48315,Marion,TX,1333,182,0,29.3,4,5,267,-94.3566,32.7987
51109,Louisa,VA,4141,335,0,29.3,18,48,86,-77.9622,37.9794
55015,Calumet,WI,4585,412,0,29.3,1,23,199,-88.2176,44.0816
09150,Northeastern Connecticut,CT,0,,0,29.2,23,71,0,-71.9767,41.8271
45017,Calhoun,SC,1875,250,0,29.2,3,10,188,-80.7757,33.6698
48221,Hood,TX,8603,573,0,29.2,7,27,319,-97.8325,32.4299
01121,Talladega,AL,0,,0,29.1,11,19,0,-86.1689,33.3782
35043,Sandoval,NM,15992,790,1,29.1,4,4,3998,-106.8685,35.6879
39117,Morrow,OH,3547,334,0,29.1,13,32,111,-82.7899,40.5241
13231,Pike,GA,1722,205,0,29,9,34,51,-84.3883,33.0927
19113,Linn,IA,21405,911,0,29,4,4,5351,-91.5981,42.0792
37045,Cleveland,NC,10481,663,0,29,11,33,318,-81.5518,35.3354
51113,Madison,VA,1696,218,0,29,7,50,34,-78.2822,38.4153
01115,St. Clair,AL,0,,0,28.9,11,19,0,-86.3129,33.7178
18155,Switzerland,IN,913,151,0,28.9,16,41,22,-85.0323,38.8254
45053,Jasper,SC,3602,408,0,28.9,2,8,450,-81.0295,32.4393
48015,Austin,TX,3369,353,0,28.9,7,35,96,-96.2772,29.8854
51137,Orange,VA,4083,445,0,28.9,12,53,77,-78.0148,38.2453
37003,Alexander,NC,4010,397,0,28.8,7,31,129,-81.1779,35.9224
37029,Camden,NC,956,172,0,28.8,9,14,68,-76.1557,36.338
37073,Gates,NC,1243,201,0,28.8,11,25,50,-76.6975,36.4467
42009,Bedford,PA,5944,322,0,28.8,2,30,198,-78.4912,40.0058
01095,Marshall,AL,0,,0,28.7,1,18,0,-86.3057,34.3685
21079,Garrard,KY,1784,237,0,28.7,3,14,127,-84.5305,37.6356
45015,Berkeley,SC,18844,1037,0,28.7,4,10,1884,-79.9479,33.2005
48021,Bastrop,TX,8095,648,0,28.7,9,21,385,-97.3128,30.1022
21097,Harrison,KY,2009,276,0,28.6,12,31,65,-84.329,38.4421
37105,Lee,NC,6041,519,0,28.6,13,34,178,-79.1757,35.4762
49051,Wasatch,UT,2329,272,0,28.6,3,4,582,-111.1699,40.3296
47103,Lincoln,TN,3851,345,0,28.5,2,21,183,-86.5891,35.1374
13033,Burke,GA,2273,267,0,28.4,2,10,227,-81.9993,33.0592
28095,Monroe,MS,3845,361,0,28.4,1,1,3845,-88.4808,33.8923
36037,Genesee,NY,6026,508,0,28.4,11,11,548,-78.1981,43.0008
40037,Creek,OK,7235,430,0,28.4,5,13,557,-96.3709,35.9022
51047,Culpeper,VA,4772,388,0,28.4,16,68,70,-77.9595,38.4789
54053,Mason,WV,3077,336,0,28.4,3,7,440,-82.0252,38.7707
18023,Clinton,IN,2989,307,0,28.3,10,15,199,-86.4752,40.302
22097,St. Landry,LA,7596,528,0,28.3,3,4,1899,-92.0002,30.5998
39123,Ottawa,OH,5590,343,0,28.3,2,38,147,-83.0941,41.5381
48071,Chambers,TX,3300,463,0,28.3,18,26,127,-94.6716,29.7097
51530,Buena Vista,VA,707,152,0,28.3,7,19,37,-79.353,37.7348
54031,Hardy,WV,1639,214,0,28.3,3,39,42,-78.8586,39.0068
55045,Green,WI,3813,273,0,28.3,11,27,141,-89.6025,42.6795
12081,Manatee,FL,62960,1542,0,28.2,10,27,2332,-82.3193,27.4747
17063,Grundy,IL,4201,342,0,28.2,5,55,76,-88.4186,41.2857
53057,Skagit,WA,15330,576,1,28.2,3,29,529,-121.7641,48.483
18129,Posey,IN,2689,290,0,28.1,3,4,672,-87.8647,38.0209
21219,Todd,KY,1058,158,0,28.1,1,20,53,-87.1788,36.8381
37191,Wayne,NC,11137,633,0,28.1,4,20,557,-78.001,35.3614
41071,Yamhill,OR,10688,639,0,28.1,18,19,563,-123.3067,45.2335
42103,Pike,PA,7391,537,0,28.1,8,138,54,-75.0325,41.3316
08001,Adams,CO,0,,6,28,24,27,0,-104.3384,39.8745
22119,Webster,LA,4094,357,0,28,3,4,1024,-93.3313,32.7085
28093,Marshall,MS,3513,392,0,27.9,5,6,586,-89.503,34.7622
42109,Snyder,PA,4293,303,0,27.9,8,32,134,-77.0688,40.7711
47165,Sumner,TN,18148,821,0,27.9,15,17,1068,-86.4611,36.4668
13009,Baldwin,GA,3811,417,0,27.8,1,31,123,-83.247,33.0688
22093,St. James,LA,2078,229,0,27.8,12,15,139,-90.7989,30.0265
39107,Mercer,OH,4191,344,0,27.8,2,44,95,-84.6293,40.5405
48401,Rusk,TX,4784,382,0,27.8,2,5,957,-94.7617,32.1077
18065,Henry,IN,5106,365,0,27.7,11,34,150,-85.3963,39.9303
51720,Norton,VA,514,171,0,27.7,5,12,43,-82.6281,36.9275
55039,Fond du Lac,WI,10990,643,0,27.7,4,22,500,-88.4889,43.7535
26091,Lenawee,MI,10710,526,0,27.6,11,30,357,-84.066,41.8948
26117,Montcalm,MI,6211,378,0,27.6,5,13,478,-85.1525,43.3107
39149,Shelby,OH,4623,339,0,27.6,6,41,113,-84.203,40.3317
51131,Northampton,VA,1934,199,0,27.6,12,26,74,-75.8775,37.3406
18089,Lake,IN,48546,1391,0,27.5,44,53,916,-87.3828,41.4187
19121,Madison,IA,1515,199,0,27.5,2,3,505,-94.0155,41.3308
36075,Oswego,NY,10757,550,0,27.5,6,14,768,-76.1452,43.4293
47189,Wilson,TN,13315,728,0,27.5,16,22,605,-86.2966,36.1545
50001,Addison,VT,4352,252,0,27.5,2,6,725,-73.1437,44.0332
51620,Franklin,VA,929,154,0,27.5,10,25,37,-76.9391,36.6831
53021,Franklin,WA,5043,454,0,27.5,1,1,5043,-118.9017,46.5355
05045,Faulkner,AR,0,,0,27.4,4,4,0,-92.3353,35.1459
12083,Marion,FL,60107,1826,0,27.4,5,37,1625,-82.0565,29.2104
13131,Grady,GA,2649,275,0,27.4,1,2,1324,-84.2342,30.8745
19081,Hancock,IA,1393,160,0,27.4,2,12,116,-93.7345,43.0818
25019,Nantucket,MA,1126,159,0,27.4,1,39,29,-70.0877,41.2942
39071,Highland,OH,4394,401,0,27.3,16,39,113,-83.6031,39.184
42107,Schuylkill,PA,16211,695,0,27.3,17,92,176,-76.215,40.705
01111,Randolph,AL,0,,0,27.2,2,42,0,-85.4571,33.2953
13137,Habersham,GA,4816,367,0,27.2,2,44,109,-83.5311,34.6341
17021,Christian,IL,3642,293,0,27.2,2,18,202,-89.2788,39.5474
36071,Orange,NY,31724,1152,0,27.2,62,134,237,-74.3024,41.4034
39051,Fulton,OH,4339,336,0,27.2,5,30,145,-84.1289,41.6015
39059,Guernsey,OH,4115,320,0,27.2,2,38,108,-81.4949,40.0485
47059,Greene,TN,8476,586,0,27.2,8,16,530,-82.8469,36.1747
55091,Pepin,WI,868,88,0,27.2,10,24,36,-91.9995,44.5831
18051,Gibson,IN,3133,297,0,27.1,3,5,627,-87.581,38.3057
19155,Pottawattamie,IA,9311,492,0,27.1,8,8,1164,-95.5391,41.3364
20079,Harvey,KS,3899,402,0,27.1,1,1,3899,-97.4275,38.0429
29051,Cole,MO,7488,489,0,27.1,2,5,1498,-92.2786,38.5046
42013,Blair,PA,14411,609,0,27.1,1,32,450,-78.35,40.4822
51149,Prince George,VA,2982,317,0,27.1,14,32,93,-77.2291,37.1848
55071,Manitowoc,WI,9433,561,0,27.1,1,12,786,-87.8093,44.1195
29017,Bollinger,MO,1161,181,0,27,1,12,97,-90.0272,37.3245
42111,Somerset,PA,9129,440,0,27,5,23,397,-79.0278,39.971
51790,Staunton,VA,3146,322,0,27,6,22,143,-79.0621,38.1589
55105,Rock,WI,15511,841,0,27,12,71,218,-89.0715,42.6715
19095,Iowa,IA,1725,199,0,26.9,4,6,288,-92.0643,41.6863
21005,Anderson,KY,2139,244,0,26.9,7,26,82,-84.9913,38.0077
25007,Dukes,MA,2916,440,0,26.9,10,43,68,-70.6876,41.4067
39053,Gallia,OH,3052,310,0,26.9,3,17,180,-82.3165,38.8271
45069,Marlboro,SC,2829,266,0,26.9,1,23,123,-79.6756,34.5991
51173,Smyth,VA,3688,302,0,26.9,3,12,307,-81.5334,36.8446
18151,Steuben,IN,3840,293,0,26.8,2,23,167,-85.001,41.6442
21127,Lawrence,KY,1795,278,0,26.8,2,7,256,-82.7288,38.0714
39065,Hardin,OH,2688,264,0,26.8,1,29,93,-83.6595,40.6601
55031,Douglas,WI,4491,351,0,26.8,1,2,2246,-91.916,46.4322
01085,Lowndes,AL,0,,0,26.7,2,13,0,-86.6531,32.1577
12053,Hernando,FL,28609,1027,0,26.7,12,29,987,-82.427,28.5536
18091,LaPorte,IN,11665,615,0,26.7,6,53,220,-86.7411,41.5456
26005,Allegan,MI,11376,558,0,26.7,7,11,1034,-85.8909,42.5914
27099,Mower,MN,3922,266,0,26.7,10,26,151,-92.7523,43.6715
36057,Montgomery,NY,4991,339,0,26.7,6,13,384,-74.4409,42.9021
37111,McDowell,NC,5035,421,0,26.7,8,26,194,-82.0494,35.6796
41009,Columbia,OR,5324,431,0,26.7,18,21,254,-123.0891,45.9446
54065,Morgan,WV,2224,222,0,26.7,4,66,34,-78.2631,39.5544
01087,Macon,AL,0,,0,26.5,2,9,0,-85.6925,32.3868
24029,Kent,MD,2856,268,0,26.5,27,106,27,-76.0474,39.2498
26107,Mecosta,MI,4307,271,0,26.5,4,10,431,-85.3246,43.6406
42061,Huntingdon,PA,4958,244,0,26.5,2,26,191,-77.9773,40.4219
42087,Mifflin,PA,5489,358,0,26.5,3,25,220,-77.6134,40.6087
48145,Falls,TX,1741,199,0,26.5,1,13,134,-96.9363,31.2535
05085,Lonoke,AR,0,,0,26.4,4,4,0,-91.8871,34.7538
21081,Grant,KY,1877,272,0,26.4,18,31,61,-84.6242,38.6496
27133,Rock,MN,1040,117,0,26.4,2,2,520,-96.253,43.6748
47119,Maury,TN,9651,656,0,26.4,15,19,508,-87.0751,35.6183
19015,Boone,IA,2818,267,0,26.3,2,4,704,-93.9315,42.0366
21031,Butler,KY,1209,165,0,26.3,1,26,46,-86.6849,37.2089
36049,Lewis,NY,2745,171,0,26.3,1,9,305,-75.4481,43.7844
37049,Craven,NC,11345,585,0,26.3,4,8,1418,-77.084,35.1183
13129,Gordon,GA,4902,439,0,26.2,15,38,129,-84.8729,34.5049
21151,Madison,KY,7606,499,0,26.2,3,19,400,-84.2722,37.7166
22113,Vermilion,LA,5081,490,0,26.2,3,4,1270,-92.3044,29.8366
36073,Orleans,NY,3997,337,0,26.2,11,11,363,-78.2313,43.2517
42033,Clearfield,PA,9159,475,0,26.2,1,21,436,-78.4751,41.0012
21167,Mercer,KY,2483,272,0,26.1,2,21,118,-84.8745,37.8146
21235,Whitley,KY,3210,320,0,26.1,1,8,401,-84.1454,36.757
22053,Jefferson Davis,LA,2905,337,0,26.1,3,3,968,-92.8114,30.2659
34009,Cape May,NJ,14808,559,0,26.1,12,72,206,-74.8017,39.1501
47173,Union,TN,1957,215,0,26.1,3,14,140,-83.8401,36.2879
48103,Crane,TX,373,143,0,26.1,2,2,186,-102.5133,31.4326
01001,Autauga,AL,0,,0,26,3,13,0,-86.6441,32.5396
13319,Wilkinson,GA,1012,130,0,26,1,18,56,-83.1714,32.8029
17091,Kankakee,IL,10007,580,0,26,8,57,176,-87.8619,41.1376
36051,Livingston,NY,6427,400,0,26,7,17,378,-77.7797,42.7259
51121,Montgomery,VA,7440,545,0,26,1,11,676,-80.38,37.1763
13199,Meriwether,GA,2405,267,0,25.9,4,33,73,-84.6886,33.0416
26035,Clare,MI,3947,254,0,25.9,1,9,439,-84.8482,43.988
50023,Washington,VT,6795,421,0,25.9,2,4,1699,-72.6172,44.2707
01021,Chilton,AL,0,,0,25.8,13,13,0,-86.7182,32.8494
06055,Napa,CA,0,,0,25.8,19,47,0,-122.3324,38.5092
12041,Gilchrist,FL,2037,238,0,25.8,4,15,136,-82.7988,29.7286
19119,Lyon,IA,1257,105,0,25.8,2,2,628,-96.2093,43.3811
21065,Estill,KY,1539,187,0,25.8,3,10,154,-83.9595,37.6924
26145,Saginaw,MI,21030,852,0,25.8,4,29,725,-84.0511,43.3344
33013,Merrimack,NH,16275,781,0,25.8,3,48,339,-71.6818,43.2971
22045,Iberia,LA,6077,520,0,25.7,3,14,434,-91.7601,29.8672
26015,Barry,MI,6239,427,0,25.7,7,25,250,-85.3087,42.5952
42067,Juniata,PA,2583,179,0,25.7,6,35,74,-77.3998,40.5336
55069,Lincoln,WI,3409,244,0,25.7,1,2,1704,-89.7341,45.3374
55047,Green Lake,WI,2325,172,0,25.6,1,23,101,-89.0468,43.8003
13233,Polk,GA,3744,434,0,25.5,14,43,87,-85.1866,34.0028
19139,Muscatine,IA,4063,350,0,25.5,4,5,813,-91.1122,41.4837
20121,Miami,KS,3241,404,0,25.5,13,13,249,-94.8383,38.5639
21191,Pendleton,KY,1307,177,0,25.5,19,31,42,-84.3557,38.696
29135,Moniteau,MO,1346,154,0,25.5,2,3,449,-92.5798,38.6357
12125,Union,FL,1141,156,0,25.4,7,15,76,-82.375,30.0441
17107,Logan,IL,2973,230,0,25.4,5,7,425,-89.3672,40.1242
20015,Butler,KS,5755,446,0,25.4,1,1,5755,-96.8388,37.7813
21199,Pulaski,KY,6929,508,0,25.4,1,12,577,-84.5763,37.1047
37085,Harnett,NC,10305,577,0,25.4,13,30,344,-78.8687,35.3693
37145,Person,NC,4677,511,0,25.4,14,23,203,-78.9721,36.3899
47145,Roane,TN,6710,538,0,25.4,3,9,746,-84.5246,35.8492
12019,Clay,FL,20324,1152,0,25.3,13,16,1270,-81.8569,29.9826
37199,Yancey,NC,2681,258,0,25.3,10,27,99,-82.3114,35.9006
39023,Clark,OH,14950,684,0,25.3,16,37,404,-83.785,39.9163
48147,Fannin,TX,3435,298,0,25.3,2,29,118,-96.1075,33.5956
48477,Washington,TX,4456,423,0,25.3,2,35,127,-96.4095,30.215
50015,Lamoille,VT,2404,323,0,25.3,2,2,1202,-72.641,44.6056
13195,Madison,GA,2919,394,0,25.2,8,41,71,-83.2122,34.1292
17175,Stark,IL,638,74,0,25.2,1,14,46,-89.7972,41.0927
19129,Mills,IA,1527,171,0,25.2,7,8,191,-95.6192,41.033
21201,Robertson,KY,224,73,0,25.2,12,33,7,-84.0502,38.5194
27045,Fillmore,MN,2456,130,0,25.2,8,17,144,-92.0897,43.6739
39037,Darke,OH,5725,418,0,25.2,7,47,122,-84.6194,40.1341
22099,St. Martin,LA,4583,423,0,25.1,4,15,306,-91.6109,30.1289
36095,Schoharie,NY,3565,263,0,25.1,5,18,198,-74.4429,42.5893
37161,Rutherford,NC,7900,604,0,25.1,8,26,304,-81.9221,35.4028
47167,Tipton,TN,5114,366,0,25.1,5,6,852,-89.7382,35.501
48259,Kendall,TX,5058,434,0,25.1,9,17,298,-98.7114,29.9457
50013,Grand Isle,VT,817,86,0,25.1,2,2,408,-73.2962,44.7991
01103,Morgan,AL,0,,0,25,1,16,0,-86.8548,34.455
06065,Riverside,CA,0,,6,25,2,37,0,-115.9934,33.7436
19131,Mitchell,IA,1216,138,0,25,4,12,101,-92.7889,43.3564
46125,Turner,SD,929,85,0,25,2,2,464,-97.1487,43.3109
47011,Bradley,TN,10493,661,0,25,3,32,328,-84.8581,35.1537
12131,Walton,FL,8167,576,0,24.9,2,7,1167,-86.1694,30.642
21069,Fleming,KY,1510,204,0,24.9,3,26,58,-83.6965,38.366
39027,Clinton,OH,4203,348,0,24.9,22,37,114,-83.8085,39.415
12039,Gadsden,FL,4728,460,0,24.8,1,2,2364,-84.6192,30.578
01007,Bibb,AL,0,,0,24.7,11,13,0,-87.1269,32.9953
13103,Effingham,GA,4545,412,0,24.7,2,8,568,-81.3423,32.3664
13153,Houston,GA,12467,799,0,24.7,1,11,1133,-83.6677,32.4593
17093,Kendall,IL,8213,645,0,24.7,48,58,142,-88.4285,41.5909
18159,Tipton,IN,1749,189,0,24.7,10,14,125,-86.0521,40.311
21077,Gallatin,KY,704,96,0,24.7,16,36,20,-84.8559,38.754
39159,Union,OH,4553,434,0,24.7,11,30,152,-83.3723,40.3002
47089,Jefferson,TN,6174,502,0,24.7,3,15,412,-83.4531,36.0524
01083,Limestone,AL,0,,0,24.6,1,30,0,-86.9831,34.8119
06039,Madera,CA,0,,0,24.6,3,4,0,-119.7643,37.2169
39115,Morgan,OH,1607,178,0,24.6,2,18,89,-81.8521,39.6208
42131,Wyoming,PA,3029,191,0,24.6,5,21,144,-76.0162,41.5185
01071,Jackson,AL,0,,0,24.5,5,18,0,-86.0003,34.7794
16011,Bingham,ID,3711,375,0,24.5,1,1,3711,-112.3978,43.2167
26149,St. Joseph,MI,6024,339,0,24.5,3,21,287,-85.528,41.9144
37151,Randolph,NC,14447,800,0,24.5,15,32,451,-79.8057,35.7102
51036,Charles City,VA,937,93,0,24.5,14,33,28,-77.0563,37.3536
51115,Mathews,VA,1562,283,0,24.5,12,31,50,-76.341,37.4416
21073,Franklin,KY,5297,377,0,24.4,7,26,204,-84.8789,38.2395
06113,Yolo,CA,0,,0,24.3,11,46,0,-121.8956,38.6816
19183,Washington,IA,2441,236,0,24.3,4,4,610,-91.7173,41.3358
23015,Lincoln,ME,5535,387,0,24.3,6,8,692,-69.543,44.063
47147,Robertson,TN,5918,438,0,24.3,15,18,329,-86.874,36.5247
26057,Gratiot,MI,3909,256,0,24.2,4,28,140,-84.605,43.2927
28039,George,MS,2129,321,0,24.2,4,9,237,-88.6444,30.8626
28057,Itawamba,MS,2382,302,0,24.1,1,4,596,-88.3607,34.2799
17019,Champaign,IL,15525,700,0,24,4,8,1941,-88.1992,40.1397
39161,Van Wert,OH,3069,263,0,24,3,17,181,-84.5911,40.8554
47017,Carroll,TN,3120,283,0,24,1,19,164,-88.4518,35.9737
47041,DeKalb,TN,2061,285,0,24,1,22,94,-85.836,35.9763
51127,New Kent,VA,2314,321,0,24,13,51,45,-76.9983,37.5069
55021,Columbia,WI,5802,348,0,24,12,23,252,-89.3359,43.4649
18099,Marshall,IN,4723,359,0,23.9,1,54,87,-86.2619,41.3247
32510,Carson City,NV,6507,446,0,23.9,4,4,1627,-119.748,39.1552
39031,Coshocton,OH,3905,307,0,23.9,3,25,156,-81.9172,40.301
06083,Santa Barbara,CA,0,,1,23.8,1,26,0,-120.0187,34.6532
12129,Wakulla,FL,2963,324,0,23.8,1,2,1482,-84.3952,30.1683
13179,Liberty,GA,3614,277,0,23.8,2,2,1807,-81.4938,31.8276
26147,St. Clair,MI,16830,717,0,23.8,10,26,647,-82.6794,42.9266
42119,Union,PA,4619,397,0,23.8,3,25,185,-77.0601,40.9615
45087,Union,SC,3228,311,0,23.8,4,26,124,-81.6188,34.6876
18109,Morgan,IN,6873,504,0,23.7,10,17,404,-86.4444,39.4789
48367,Parker,TX,13232,742,0,23.7,10,28,473,-97.805,32.7777
53055,San Juan,WA,3260,148,0,23.7,2,29,112,-122.9675,48.6018
54023,Grant,WV,1385,180,0,23.7,2,15,92,-79.1944,39.1031
24019,Dorchester,MD,4103,301,0,23.6,8,64,64,-76.0275,38.4541
39001,Adams,OH,2672,280,0,23.6,1,38,70,-83.4719,38.8454
39019,Carroll,OH,3063,290,0,23.6,5,31,99,-81.0918,40.5789
42073,Lawrence,PA,10925,548,0,23.6,15,31,352,-80.3343,40.9921
13035,Butts,GA,2356,326,0,23.5,17,34,69,-83.9545,33.2827
36069,Ontario,NY,13142,649,0,23.5,7,17,773,-77.3079,42.8525
39045,Fairfield,OH,14573,662,0,23.5,13,27,540,-82.6313,39.751
17141,Ogle,IL,5323,402,0,23.4,2,70,76,-89.3223,42.0414
26067,Ionia,MI,5397,387,0,23.4,7,24,225,-85.0741,42.9448
37121,Mitchell,NC,2104,247,0,23.4,11,26,81,-82.1619,36.0115
40131,Rogers,OK,8703,448,0,23.4,5,5,1741,-95.6043,36.37
01029,Cleburne,AL,0,,0,23.3,2,46,0,-85.5201,33.6768
13313,Whitfield,GA,8215,550,0,23.3,6,39,211,-84.9609,34.8099
17123,Marshall,IL,1477,133,0,23.3,3,18,82,-89.3451,41.0328
18135,Randolph,IN,2722,245,0,23.3,2,35,78,-85.0114,40.1573
21183,Ohio,KY,2285,220,0,23.3,4,23,99,-86.8537,37.4775
24009,Calvert,MD,8126,584,0,23.3,31,76,107,-76.5682,38.5396
40017,Canadian,OK,12057,772,0,23.3,8,8,1507,-97.9837,35.5414
35061,Valencia,NM,7525,527,0,23.2,4,4,1881,-106.8102,34.7141
47153,Sequatchie,TN,1822,247,0,23.2,4,27,67,-85.4102,35.3698
47159,Smith,TN,1747,191,0,23.2,14,21,83,-85.9541,36.2536
51730,Petersburg,VA,3503,381,0,23.2,12,33,106,-77.3937,37.2053
17133,Monroe,IL,3513,313,0,23.1,11,12,293,-90.176,38.278
19137,Montgomery,IA,1290,156,0,23.1,5,10,129,-95.1564,41.0302
28017,Chickasaw,MS,1748,206,0,23.1,1,4,437,-88.9482,33.9198
30067,Park,MT,2151,244,0,23.1,1,1,2151,-110.5264,45.4897
36011,Cayuga,NY,8186,452,0,23.1,6,15,546,-76.5551,42.9156
42007,Beaver,PA,20668,753,0,23.1,15,30,689,-80.3497,40.6827
45007,Anderson,SC,20929,927,0,23.1,3,28,747,-82.6394,34.5196
13189,McDuffie,GA,2327,352,0,23,2,20,116,-82.4825,33.4785
19169,Story,IA,6868,450,0,23,2,4,1717,-93.465,42.0362
21211,Shelby,KY,4282,397,0,23,7,26,165,-85.1942,38.2148
31025,Cass,NE,2607,238,0,23,8,8,326,-96.1397,40.909
42125,Washington,PA,24721,946,0,23,17,24,1030,-80.2459,40.1918
48317,Martin,TX,276,85,0,23,2,2,138,-101.9514,32.306
13311,White,GA,3458,365,0,22.9,7,46,75,-83.749,34.6456
29099,Jefferson,MO,19864,951,0,22.9,11,12,1655,-90.5386,38.2606
06025,Imperial,CA,0,,1,22.8,1,4,0,-115.3694,33.0398
12061,Indian River,FL,30000,1191,0,22.8,6,26,1154,-80.6056,27.6932
28059,Jackson,MS,13066,821,0,22.8,4,20,653,-88.6418,30.5402
12007,Bradford,FL,2925,385,0,22.7,12,15,195,-82.1661,29.9508
17153,Pulaski,IL,609,78,0,22.7,1,2,304,-89.1309,37.2263
18113,Noble,IN,4266,361,0,22.7,3,8,533,-85.4196,41.3968
28145,Union,MS,2539,293,0,22.7,1,6,423,-89.0052,34.4909
26045,Eaton,MI,11559,538,0,22.6,7,36,321,-84.8378,42.5959
27019,Carver,MN,8023,495,0,22.6,16,25,321,-93.8007,44.8198
17119,Madison,IL,26626,967,0,22.5,11,13,2048,-89.9052,38.8299
19031,Cedar,IA,2011,179,0,22.5,4,4,503,-91.1325,41.7723
53045,Mason,WA,8151,573,0,22.5,23,29,281,-123.1862,47.3496
47027,Clay,TN,1068,183,0,22.4,1,18,59,-85.5393,36.5515
55087,Outagamie,WI,16713,789,0,22.4,1,10,1671,-88.4657,44.4158
13207,Monroe,GA,2941,368,0,22.3,4,34,86,-83.921,33.0144
18115,Ohio,IN,712,110,0,22.3,16,41,17,-84.9647,38.9518
21051,Clay,KY,1720,267,0,22.3,1,10,172,-83.7126,37.1645
13079,Crawford,GA,1292,213,0,22.2,1,29,45,-83.9806,32.7139
51101,King William,VA,1640,272,0,22.2,12,62,26,-77.0905,37.7097
08019,Clear Creek,CO,0,,0,22.1,25,28,0,-105.6461,39.688
21121,Knox,KY,2952,372,0,22.1,1,8,369,-83.8541,36.8922
36111,Ulster,NY,20431,960,0,22.1,2,120,170,-74.2609,41.8906
39129,Pickaway,OH,5252,390,0,22.1,12,39,135,-83.0243,39.6417
55109,St. Croix,WI,7652,536,0,22.1,16,25,306,-92.45,45.0344
09160,Northwest Hills,CT,0,,0,22,19,127,0,-73.2208,41.846
47005,Benton,TN,1989,231,0,22,1,17,117,-88.0684,36.0707
48055,Caldwell,TX,3901,391,0,22,9,18,217,-97.6167,29.8362
53061,Snohomish,WA,65518,1474,2,22,24,30,2184,-121.7171,48.0462
13085,Dawson,GA,2895,327,0,21.9,24,36,80,-84.1696,34.4424
21035,Calloway,KY,3486,293,0,21.9,1,18,194,-88.2732,36.6209
30111,Yellowstone,MT,16231,771,1,21.9,1,1,16231,-108.2691,45.9396
37175,Transylvania,NC,5466,427,0,21.9,9,17,322,-82.7964,35.2038
41005,Clackamas,OR,44262,1404,1,21.9,18,19,2330,-122.2204,45.1888
51125,Nelson,VA,2360,270,0,21.9,7,21,112,-78.8867,37.7886
22063,Livingston,LA,10765,813,0,21.8,9,15,718,-90.731,30.4413
23001,Androscoggin,ME,11534,692,0,21.8,6,8,1442,-70.2064,44.1689
23031,York,ME,25469,1110,0,21.8,8,39,653,-70.7105,43.4779
48379,Rains,TX,1565,258,0,21.8,2,30,52,-95.7917,32.871
54003,Berkeley,WV,10121,705,0,21.8,3,65,156,-78.0236,39.4671
54091,Taylor,WV,1848,302,0,21.8,4,19,97,-80.0421,39.336
19067,Floyd,IA,1908,211,0,21.7,2,11,173,-92.7894,43.06
21107,Hopkins,KY,4677,367,0,21.7,4,18,260,-87.5467,37.3094
47073,Hawkins,TN,6709,477,0,21.7,4,15,447,-82.9489,36.4436
51045,Craig,VA,390,138,0,21.7,1,14,28,-80.2111,37.4811
42001,Adams,PA,11985,580,0,21.6,20,77,156,-77.2161,39.8715
47061,Grundy,TN,1555,176,0,21.6,4,22,71,-85.7214,35.3843
47183,Weakley,TN,3288,310,0,21.6,1,3,1096,-88.7199,36.299
51007,Amelia,VA,1449,226,0,21.6,11,28,52,-77.986,37.3408
12091,Okaloosa,FL,18896,861,1,21.5,5,9,2100,-86.5925,30.6915
26027,Cass,MI,5922,372,0,21.5,3,55,108,-85.9941,41.9152
27157,Wabasha,MN,2539,181,0,21.5,9,27,94,-92.2312,44.2842
16051,Jefferson,ID,1905,228,0,21.4,1,1,1905,-112.3132,43.8208
24021,Frederick,MD,23141,912,0,21.4,46,71,326,-77.3989,39.4724
36117,Wayne,NY,9659,571,0,21.4,11,18,537,-77.0287,43.1558
45091,York,SC,23934,1078,0,21.4,12,29,825,-81.1809,34.9728
13255,Spalding,GA,7241,475,0,21.3,14,34,213,-84.2806,33.2634
17039,De Witt,IL,1695,197,0,21.3,6,7,242,-88.9097,40.1751
19049,Dallas,IA,7287,494,0,21.3,2,3,2429,-94.0437,41.6843
21059,Daviess,KY,9999,631,0,21.3,4,10,1000,-87.0895,37.7304
35015,Eddy,NM,4697,454,1,21.3,1,1,4697,-104.3043,32.4715
37065,Edgecombe,NC,5765,449,0,21.3,3,22,262,-77.5943,35.912
39173,Wood,OH,11790,639,0,21.3,2,38,310,-83.6234,41.3631
47185,White,TN,3058,367,0,21.3,1,23,133,-85.4506,35.9263
13225,Peach,GA,2673,366,0,21.2,1,18,148,-83.8332,32.5658
37019,Brunswick,NC,25436,961,0,21.1,5,8,3180,-78.2277,34.0705
45077,Pickens,SC,12325,701,0,21.1,9,22,560,-82.7271,34.8883
08005,Arapahoe,CO,0,,3,21,23,27,0,-104.3352,39.6502
21165,Menifee,KY,668,172,0,21,2,15,45,-83.5984,37.939
40145,Wagoner,OK,7587,462,0,21,5,5,1517,-95.5183,35.9592
51023,Botetourt,VA,4288,374,0,21,2,10,429,-79.8097,37.5575
51089,Henry,VA,6876,481,0,21,9,26,264,-79.8768,36.6827
18039,Elkhart,IN,17333,867,0,20.9,4,39,444,-85.8587,41.5974
29005,Atchison,MO,707,65,0,20.9,1,10,71,-95.4297,40.4324
39029,Columbiana,OH,11791,690,0,20.9,16,32,368,-80.7809,40.7693
45003,Aiken,SC,19349,938,0,20.9,4,8,2419,-81.6365,33.5434
45037,Edgefield,SC,2759,252,0,20.9,2,11,251,-81.9623,33.7722
47149,Rutherford,TN,21292,1067,0,20.9,15,21,1014,-86.4106,35.846
48051,Burleson,TX,2143,244,0,20.9,1,34,63,-96.6191,30.4945
48203,Harrison,TX,6505,526,0,20.9,4,5,1301,-94.3693,32.5494
08117,Summit,CO,0,,0,20.8,2,28,0,-106.1151,39.638
17203,Woodford,IL,3826,288,0,20.8,5,11,348,-89.2092,40.7858
27079,Le Sueur,MN,2779,189,0,20.8,8,27,103,-93.7264,44.3726
27161,Waseca,MN,1801,182,0,20.8,1,27,67,-93.5872,44.0221
28089,Madison,MS,9261,651,0,20.8,4,4,2315,-90.0342,32.6335
37069,Franklin,NC,6709,492,0,20.8,13,19,353,-78.2871,36.0815
37179,Union,NC,17855,889,0,20.8,11,23,776,-80.5294,34.9895
47155,Sevier,TN,10534,609,0,20.8,3,17,620,-83.5232,35.7828
48473,Waller,TX,3544,373,0,20.8,24,27,131,-95.9914,30.0096
54027,Hampshire,WV,2735,303,0,20.8,3,44,62,-78.6083,39.321
17181,Union,IL,1984,202,0,20.7,1,10,198,-89.2555,37.4711
21109,Jackson,KY,1255,207,0,20.7,2,4,314,-83.9983,37.4187
26159,Van Buren,MI,7679,421,0,20.7,3,56,137,-86.0197,42.2519
37077,Granville,NC,5763,461,0,20.7,13,26,222,-78.6518,36.3034
37087,Haywood,NC,8617,595,0,20.7,6,20,431,-82.9819,35.5527
42025,Carbon,PA,7544,495,0,20.7,12,139,54,-75.7086,40.9179
48187,Guadalupe,TX,14063,737,0,20.7,9,17,827,-97.9454,29.5844
51167,Russell,VA,3198,343,0,20.7,5,10,320,-82.0961,36.9326
13187,Lumpkin,GA,3370,374,0,20.6,17,42,80,-84.0043,34.5729
21149,McLean,KY,967,144,0,20.6,4,19,51,-87.268,37.5302
34037,Sussex,NJ,14108,625,0,20.6,68,157,90,-74.6912,41.1389
45039,Fairfield,SC,2577,299,0,20.6,3,22,117,-81.1196,34.3929
18041,Fayette,IN,2572,263,0,20.5,11,37,70,-85.178,39.6368
26111,Midland,MI,9088,515,0,20.5,1,25,364,-84.3872,43.645
51019,Bedford,VA,9539,569,0,20.5,3,21,454,-79.5254,37.3129
13295,Walker,GA,7336,593,0,20.4,4,33,222,-85.3017,34.7338
37197,Yadkin,NC,4308,404,0,20.4,7,32,135,-80.6624,36.1622
51181,Surry,VA,857,118,0,20.4,17,24,36,-76.8862,37.116
54005,Boone,WV,2456,302,0,20.4,3,4,614,-81.6989,38.0197
47047,Fayette,TN,5055,395,0,20.3,5,7,722,-89.4139,35.1962
48459,Upshur,TX,4100,384,0,20.3,2,6,683,-94.9388,32.7395
51073,Gloucester,VA,4252,463,0,20.3,12,31,137,-76.5352,37.4081
21215,Spencer,KY,1517,200,0,20.2,7,21,72,-85.3281,38.0324
39137,Putnam,OH,3339,235,0,20.2,2,32,104,-84.1336,41.0209
40027,Cleveland,OK,23679,1266,0,20.2,8,8,2960,-97.3252,35.2041
48251,Johnson,TX,14512,774,0,20.2,21,29,500,-97.3665,32.3789
51690,Martinsville,VA,1397,170,0,20.2,5,26,54,-79.8623,36.6828
18029,Dearborn,IN,5046,428,0,20.1,17,41,123,-84.9733,39.1465
37169,Stokes,NC,5555,476,0,20.1,8,34,163,-80.2391,36.4018
51033,Caroline,VA,2827,323,0,20.1,14,67,42,-77.3455,38.0301
53053,Pierce,WA,73118,1686,3,20.1,26,29,2521,-122.1444,47.0392
55061,Kewaunee,WI,2308,199,0,20.1,1,4,577,-87.6147,44.5173
08069,Larimer,CO,0,,3,20,5,28,0,-105.4622,40.6662
36113,Warren,NY,8135,544,1,20,2,8,1017,-73.8434,43.5618
37117,Martin,NC,3052,336,0,20,3,20,153,-77.1077,35.8435
39127,Perry,OH,3303,304,0,20,13,17,194,-82.236,39.7367
45031,Darlington,SC,6875,553,0,20,1,16,430,-79.9617,34.3332
12097,Osceola,FL,30070,1582,1,19.9,18,31,970,-81.1524,28.063
18183,Whitley,IN,3384,331,0,19.9,2,15,226,-85.506,41.1358
27103,Nicollet,MN,3163,267,0,19.9,1,27,117,-94.2424,44.3496
37115,Madison,NC,2729,275,0,19.9,8,18,152,-82.7134,35.854
17037,DeKalb,IL,7382,468,0,19.8,14,73,101,-88.7699,41.8936
18061,Harrison,IN,3934,339,0,19.8,6,11,358,-86.1096,38.1946
42059,Greene,PA,3784,269,0,19.8,17,22,172,-80.2237,39.8571
47051,Franklin,TN,4804,428,0,19.8,5,21,229,-86.092,35.1563
45033,Dillon,SC,2802,276,0,19.7,2,13,216,-79.3774,34.3901
05125,Saline,AR,0,,0,19.6,4,4,0,-92.6747,34.6482
24025,Harford,MD,24726,927,0,19.6,32,111,223,-76.3054,39.5488
37157,Rockingham,NC,10469,623,0,19.6,8,28,374,-79.775,36.3959
39083,Knox,OH,6371,455,0,19.6,14,26,245,-82.4201,40.3983
39097,Madison,OH,3809,344,0,19.5,16,38,100,-83.4034,39.8924
54043,Lincoln,WV,2181,310,0,19.5,3,3,727,-82.0702,38.1722
12065,Jefferson,FL,1931,228,0,19.4,1,1,1931,-83.8969,30.4382
13149,Heard,GA,1067,167,0,19.4,5,43,25,-85.1315,33.3
18147,Spencer,IN,2040,201,0,19.4,3,10,204,-87.008,38.0152
21161,Mason,KY,1798,221,0,19.4,6,26,69,-83.8215,38.5947
34033,Salem,NJ,6777,436,0,19.4,38,110,62,-75.3477,39.5852
37057,Davidson,NC,17442,827,0,19.4,12,32,545,-80.2114,35.7922
51095,James City,VA,11589,661,0,19.4,18,29,400,-76.7713,37.3089
54077,Preston,WV,3594,308,0,19.4,5,20,180,-79.6685,39.4662
21203,Rockcastle,KY,1683,246,0,19.3,2,9,187,-84.3118,37.3664
37001,Alamance,NC,16802,748,0,19.3,16,32,525,-79.3998,36.0435
09130,Lower Connecticut River Valley,CT,0,,0,19.2,25,139,0,-72.5052,41.4484
13133,Greene,GA,3075,298,0,19.2,2,37,83,-83.1713,33.5769
29165,Platte,MO,9277,565,0,19.2,13,14,663,-94.7706,39.381
51570,Colonial Heights,VA,2000,222,0,19.2,12,33,61,-77.3961,37.2642
19181,Warren,IA,4768,334,0,19.1,2,2,2384,-93.561,41.3341
37109,Lincoln,NC,9184,546,0,19.1,12,33,278,-81.2173,35.4852
48397,Rockwall,TX,8028,618,0,19.1,24,29,277,-96.4078,32.898
54037,Jefferson,WV,5286,373,0,19.1,14,68,78,-77.8603,39.307
06095,Solano,CA,0,,1,19,28,46,0,-121.935,38.2692
13157,Jackson,GA,6366,459,0,19,21,38,168,-83.5688,34.1352
21181,Nicholas,KY,681,121,0,19,3,32,21,-84.0199,38.3338
37079,Greene,NC,1928,225,0,19,3,20,96,-77.6757,35.4854
51067,Franklin,VA,6913,562,0,19,3,24,288,-79.8811,36.9942
17111,McHenry,IL,26701,921,0,18.9,33,71,376,-88.4522,42.3245
51011,Appomattox,VA,1837,235,0,18.9,7,27,68,-78.8133,37.3757
10005,Sussex,DE,38935,1216,1,18.8,5,86,453,-75.3903,38.6614
37035,Catawba,NC,16568,844,0,18.8,11,33,502,-81.2134,35.6619
51670,Hopewell,VA,2022,300,0,18.8,12,32,63,-77.2968,37.2914
53029,Island,WA,12070,571,0,18.8,21,30,402,-122.5217,48.1472
24035,Queen Anne's,MD,5455,422,0,18.7,27,103,53,-76.0353,39.062
37071,Gaston,NC,21560,878,0,18.7,12,32,674,-81.1711,35.2942
37101,Johnston,NC,17086,881,0,18.7,13,23,743,-78.3653,35.5162
37133,Onslow,NC,11153,776,0,18.7,5,8,1394,-77.4291,34.7261
22095,St. John the Baptist,LA,3274,401,0,18.6,12,14,234,-90.4753,30.126
36053,Madison,NY,7070,422,0,18.6,6,14,505,-75.6734,42.914
39171,Williams,OH,3966,319,0,18.6,2,28,142,-84.5868,41.5606
49029,Morgan,UT,764,139,0,18.6,3,4,191,-111.5788,41.0832
18063,Hendricks,IN,14647,844,0,18.5,10,11,1332,-86.5102,39.767
45067,Marion,SC,3608,374,0,18.4,3,13,278,-79.364,34.0785
47105,Loudon,TN,8131,651,0,18.4,3,14,581,-84.3124,35.739
51187,Warren,VA,3666,332,0,18.4,3,62,59,-78.2026,38.9087
08047,Gilpin,CO,0,,0,18.3,25,28,0,-105.5252,39.8563
12089,Nassau,FL,11674,729,0,18.3,9,14,834,-81.802,30.6101
13011,Banks,GA,1686,177,0,18.3,13,39,43,-83.4982,34.3535
13221,Oglethorpe,GA,1558,214,0,18.3,2,38,41,-83.0806,33.8777
18095,Madison,IN,13478,604,0,18.3,11,34,396,-85.7196,40.1614
18145,Shelby,IN,4419,357,0,18.3,10,38,116,-85.7916,39.5231
27139,Scott,MN,9945,585,0,18.3,17,25,398,-93.5331,44.6489
29037,Cass,MO,10634,656,0,18.3,12,13,818,-94.3535,38.6472
34001,Atlantic,NJ,29022,1079,0,18.3,28,117,248,-74.6607,39.4748
51079,Greene,VA,2152,242,0,18.3,6,49,44,-78.4658,38.2951
26155,Shiawassee,MI,7238,393,0,18.2,5,32,226,-84.1461,42.954
12111,St. Lucie,FL,44927,1711,0,18.1,4,29,1549,-80.4711,27.3777
17163,St. Clair,IL,23933,912,0,18.1,11,14,1710,-89.9283,38.4712
24039,Somerset,MD,2304,264,0,18.1,4,57,40,-75.7512,38.1164
26115,Monroe,MI,16113,685,0,18.1,21,30,537,-83.5376,41.9274
05035,Crittenden,AR,0,,0,18,5,5,0,-90.3084,35.2124
17179,Tazewell,IL,14180,653,0,18,5,7,2026,-89.514,40.5076
37037,Chatham,NC,10771,670,0,17.9,15,32,337,-79.2554,35.704
37159,Rowan,NC,14261,769,0,17.9,17,30,475,-80.5244,35.6401
42029,Chester,PA,50887,1327,0,17.9,44,123,414,-75.746,39.9738
42069,Lackawanna,PA,24549,913,0,17.9,2,91,270,-75.6071,41.4423
49011,Davis,UT,21003,877,0,17.9,3,4,5251,-112.1167,40.9907
51099,King George,VA,1932,259,0,17.9,23,72,27,-77.1585,38.2682
13083,Dade,GA,1803,264,0,17.8,4,26,69,-85.5049,34.8549
55003,Ashland,WI,1736,156,1,17.8,1,2,868,-90.6784,46.3196
24023,Garrett,MD,3547,309,0,17.7,6,21,169,-79.2736,39.5279
28033,DeSoto,MS,14093,799,0,17.7,5,6,2349,-89.9909,34.8763
29027,Callaway,MO,4070,393,0,17.7,2,13,313,-91.9224,38.838
37103,Jones,NC,1202,163,0,17.7,4,11,109,-77.3587,35.0225
39093,Lorain,OH,33528,1071,0,17.7,10,30,1118,-82.1511,41.2952
51065,Fluvanna,VA,3126,339,0,17.7,16,34,92,-78.2773,37.8415
55059,Kenosha,WI,14011,828,0,17.7,33,72,195,-88.0405,42.5764
21017,Bourbon,KY,2207,258,0,17.6,3,28,79,-84.2179,38.2054
21209,Scott,KY,4069,306,0,17.6,2,28,145,-84.5817,38.2962
48091,Comal,TX,17083,910,0,17.6,12,17,1005,-98.2765,29.8088
36107,Tioga,NY,5332,395,0,17.5,1,17,314,-76.3118,42.1687
21197,Powell,KY,1107,168,0,17.4,2,15,74,-83.8255,37.8322
21029,Bullitt,KY,7443,535,0,17.3,6,15,496,-85.6943,37.9726
33015,Rockingham,NH,33245,1101,1,17.3,27,53,627,-71.1263,42.9857
51009,Amherst,VA,3723,325,0,17.3,8,20,186,-79.1407,37.6053
54049,Marion,WV,6044,409,0,17.3,4,20,302,-80.244,39.5128
06073,San Diego,CA,0,,19,17.2,19,65,0,-116.7389,33.0344
22047,Iberville,LA,2973,338,0,17.2,3,15,198,-91.3498,30.2569
27037,Dakota,MN,37532,1058,0,17.2,16,25,1501,-93.0631,44.6712
28049,Hinds,MS,20361,917,1,17.2,4,4,5090,-90.4441,32.2655
39075,Holmes,OH,3421,351,0,17.2,6,25,137,-81.9264,40.5616
39133,Portage,OH,15315,757,0,17.2,12,29,528,-81.1974,41.1679
42129,Westmoreland,PA,45987,1183,0,17.2,15,22,2090,-79.4699,40.311
55101,Racine,WI,18897,1012,0,17.2,14,73,259,-88.0599,42.7475
12069,Lake,FL,57205,1744,0,17.1,15,35,1634,-81.7133,28.757
13297,Walton,GA,8844,639,0,17.1,26,35,253,-83.7351,33.7813
24017,Charles,MD,12527,699,0,17.1,32,76,165,-76.9858,38.5109
26139,Ottawa,MI,26210,959,0,17.1,5,11,2383,-85.9964,42.9599
34019,Hunterdon,NJ,13794,667,0,17.1,65,164,84,-74.9081,40.5615
48185,Grimes,TX,2881,346,0,17.1,4,26,111,-95.989,30.5458
51143,Pittsylvania,VA,7899,466,1,17.1,3,29,272,-79.3973,36.8198
13015,Bartow,GA,8685,651,0,17,21,37,235,-84.8387,34.2374
37033,Caswell,NC,2833,335,0,17,12,25,113,-79.3335,36.3931
27039,Dodge,MN,1667,163,0,16.9,9,27,62,-92.8625,44.0224
44005,Newport,RI,11315,703,0,16.9,15,60,189,-71.2657,41.5642
18011,Boone,IN,5848,497,0,16.8,10,11,532,-86.4687,40.051
20087,Jefferson,KS,1851,208,0,16.8,12,13,142,-95.3829,39.2339
47021,Cheatham,TN,3418,344,0,16.7,15,18,190,-87.0883,36.2626
51820,Waynesboro,VA,2303,285,0,16.7,6,24,96,-78.9014,38.0634
06029,Kern,CA,0,,2,16.6,2,52,0,-118.731,35.3431
36015,Chemung,NY,9025,512,0,16.5,1,17,531,-76.7639,42.1389
37141,Pender,NC,6110,478,0,16.5,4,11,555,-77.9035,34.5227
55007,Bayfield,WI,2464,148,0,16.5,2,2,1232,-91.1972,46.5287
17129,Menard,IL,1334,141,0,16.4,2,10,133,-89.8026,40.0274
21101,Henderson,KY,4720,405,0,16.4,4,4,1180,-87.5739,37.7934
48381,Randall,TX,12362,710,0,16.4,1,1,12362,-101.8971,34.9659
13013,Barrow,GA,6167,483,0,16.3,26,36,171,-83.7139,33.9915
24013,Carroll,MD,16782,760,0,16.3,46,77,218,-77.024,39.5662
30031,Gallatin,MT,8369,553,1,16.3,1,1,8369,-111.1693,45.5449
31155,Saunders,NE,2127,194,0,16.3,7,8,266,-96.6378,41.2279
37097,Iredell,NC,17204,785,1,16.3,16,30,573,-80.8747,35.8099
51075,Goochland,VA,3205,374,0,16.3,18,46,70,-77.9106,37.7203
12113,Santa Rosa,FL,16928,956,0,16.2,6,11,1539,-87.0244,30.6933
37167,Stanly,NC,6557,521,0,16.2,11,33,199,-80.2509,35.3165
12127,Volusia,FL,76858,1971,0,16,10,34,2261,-81.1824,29.0588
36063,Niagara,NY,23162,784,0,16,4,11,2106,-78.7468,43.1999
22121,West Baton Rouge,LA,2219,319,0,15.9,3,15,148,-91.311,30.4606
47133,Overton,TN,2476,251,0,15.9,1,24,103,-85.29,36.3411
19195,Worth,IA,853,93,0,15.8,2,12,71,-93.2609,43.3775
36083,Rensselaer,NY,15730,737,0,15.8,5,20,786,-73.508,42.714
39085,Lake,OH,27230,973,0,15.8,10,14,1945,-81.2366,41.6972
47009,Blount,TN,15564,766,0,15.8,3,17,916,-83.928,35.6887
54079,Putnam,WV,6037,505,0,15.8,3,3,2012,-81.9082,38.5078
13227,Pickens,GA,4058,373,0,15.7,25,37,110,-84.4623,34.4622
39125,Paulding,OH,1842,202,0,15.7,3,19,97,-84.5801,41.1168
55055,Jefferson,WI,8153,500,0,15.7,21,63,129,-88.7746,43.0205
13029,Bryan,GA,2779,352,0,15.6,2,2,1390,-81.438,32.0093
39005,Ashland,OH,5775,405,0,15.6,4,28,206,-82.2728,40.8478
01051,Elmore,AL,0,,0,15.5,2,14,0,-86.1467,32.6022
16027,Canyon,ID,18595,956,0,15.5,3,3,6198,-116.7052,43.6188
25015,Hampshire,MA,16848,660,0,15.5,9,73,231,-72.6586,42.3426
36079,Putnam,NY,9805,502,0,15.5,82,130,75,-73.7495,41.4267
39087,Lawrence,OH,5982,468,0,15.5,3,8,748,-82.5347,38.5974
47001,Anderson,TN,8562,537,0,15.5,3,13,659,-84.1973,36.1299
21023,Bracken,KY,774,119,0,15.4,19,33,23,-84.085,38.6917
31177,Washington,NE,2128,232,0,15.4,7,8,266,-96.2202,41.5282
12071,Lee,FL,119995,2521,1,15.3,4,9,13333,-81.8839,26.5841
12109,St. Johns,FL,32787,1403,1,15.3,10,24,1366,-81.4361,29.901
13143,Haralson,GA,2615,277,0,15.3,11,46,57,-85.2104,33.7933
37059,Davie,NC,5187,445,0,15.3,12,33,157,-80.5449,35.9314
39109,Miami,OH,11527,673,0,15.3,7,40,288,-84.2286,40.0544
54099,Wayne,WV,4532,419,0,15.3,3,5,906,-82.4247,38.1473
13211,Morgan,GA,2304,277,0,15.2,14,36,64,-83.4913,33.5922
18019,Clark,IN,11393,637,0,15.2,6,33,345,-85.7051,38.4801
25023,Plymouth,MA,56734,1539,1,15.2,38,52,1091,-70.8107,41.9411
40083,Logan,OK,4448,414,0,15.2,8,13,342,-97.4435,35.919
55093,Pierce,WI,3523,282,0,15.2,22,25,141,-92.4224,44.7185
18033,DeKalb,IN,4042,345,0,15.1,2,19,213,-84.999,41.398
29201,Scott,MO,3945,333,0,15.1,1,2,1972,-89.5673,37.057
42099,Perry,PA,4810,311,0,15.1,10,55,87,-77.2591,40.402
48085,Collin,TX,70208,1972,3,15.1,24,29,2421,-96.5727,33.1881
13169,Jones,GA,2896,339,0,15,3,34,85,-83.5602,33.0251
39055,Geauga,OH,11026,645,0,15,11,26,424,-81.177,41.4999
51830,Williamsburg,VA,1425,256,0,15,12,28,51,-76.7065,37.2696
21019,Boyd,KY,5473,429,0,14.9,2,5,1095,-82.6857,38.3606
28115,Pontotoc,MS,2588,318,0,14.9,1,6,431,-89.0364,34.2261
47091,Johnson,TN,2241,275,0,14.9,5,19,118,-81.8557,36.4549
12035,Flagler,FL,19883,936,1,14.8,2,31,641,-81.3151,29.4593
20103,Leavenworth,KS,6839,493,0,14.8,13,13,526,-95.0376,39.1993
39155,Trumbull,OH,24459,997,0,14.8,10,27,906,-80.7611,41.3171
10001,Kent,DE,18275,913,0,14.7,9,103,177,-75.5688,39.0865
24011,Caroline,MD,3093,287,0,14.7,12,98,32,-75.829,38.8717
21185,Oldham,KY,5051,343,0,14.6,6,26,194,-85.4482,38.3979
22015,Bossier,LA,10755,734,0,14.6,3,4,2689,-93.6057,32.6793
26037,Clinton,MI,7673,408,0,14.6,5,31,248,-84.6015,42.944
12101,Pasco,FL,70396,1706,2,14.5,14,29,2427,-82.3999,28.308
13289,Twiggs,GA,1016,168,0,14.5,1,19,53,-83.431,32.6753
18161,Union,IN,759,121,0,14.5,22,34,22,-84.925,39.6255
24015,Cecil,MD,9190,628,0,14.5,44,114,81,-75.9458,39.566
39057,Greene,OH,16654,751,0,14.5,14,36,463,-83.8904,39.6915
42027,Centre,PA,12935,629,1,14.5,1,16,808,-77.8212,40.9198
51683,Manassas,VA,2543,353,0,14.5,29,73,35,-77.4848,38.7496
39151,Stark,OH,41734,1167,1,14.4,11,31,1346,-81.3653,40.814
39135,Preble,OH,4293,299,0,14.3,22,45,95,-84.6479,39.742
39165,Warren,OH,20456,1044,0,14.3,23,37,553,-84.166,39.4266
08013,Boulder,CO,0,,2,14.2,25,28,0,-105.3541,40.0921
39103,Medina,OH,18947,819,0,14.2,11,27,702,-81.8998,41.1178
47019,Carter,TN,6810,498,0,14.1,5,18,378,-82.1315,36.2827
22005,Ascension,LA,8839,710,0,14,9,15,589,-90.9133,30.2041
29183,St. Charles,MO,37320,1215,0,14,11,15,2488,-90.6672,38.7783
06007,Butte,CA,0,,1,13.9,1,11,0,-121.6015,39.6685
29047,Clay,MO,21091,929,1,13.9,13,13,1622,-94.4201,39.311
37149,Polk,NC,3558,292,0,13.8,10,26,137,-82.1685,35.2779
46083,Lincoln,SD,5247,458,1,13.8,2,2,2624,-96.7204,43.2784
12085,Martin,FL,27340,1001,1,13.7,4,35,781,-80.4311,27.0772
48375,Potter,TX,8916,569,1,13.7,1,1,8916,-101.894,35.4013
18163,Vanderburgh,IN,17942,796,0,13.5,3,4,4486,-87.5875,38.0267
21113,Jessamine,KY,4602,362,0,13.5,2,21,219,-84.5841,37.8669
25005,Bristol,MA,56181,1498,1,13.5,40,57,986,-71.1113,41.7923
47171,Unicoi,TN,2194,271,0,13.5,11,19,115,-82.4371,36.1089
51093,Isle of Wight,VA,4151,322,0,13.5,11,25,166,-76.7086,36.9061
06111,Ventura,CA,0,,4,13.4,24,93,0,-119.0898,34.4436
12033,Escambia,FL,32159,1138,4,13.4,7,10,3216,-87.3731,30.6766
34015,Gloucester,NJ,27878,1003,0,13.4,40,146,191,-75.143,39.7155
34031,Passaic,NJ,45263,1442,1,13.4,89,161,281,-74.2983,41.0352
12099,Palm Beach,FL,204808,3071,4,13.3,15,31,6607,-80.4653,26.6467
17003,Alexander,IL,663,97,0,13.3,1,2,332,-89.3291,37.1804
22033,East Baton Rouge,LA,38487,1490,1,13.3,1,15,2566,-91.0977,30.5384
45041,Florence,SC,13914,690,1,13.3,2,10,1391,-79.7015,34.0243
55089,Ozaukee,WI,10585,752,0,13.3,11,40,265,-87.9494,43.3814
19071,Fremont,IA,814,79,0,13.2,7,8,102,-95.6013,40.7454
21239,Woodford,KY,2915,264,0,13.2,3,26,112,-84.7417,38.0418
36093,Schenectady,NY,15683,848,0,13.2,6,14,1120,-74.0528,42.8167
51153,Prince William,VA,28750,981,2,13.2,29,73,394,-77.489,38.7092
31053,Dodge,NE,3944,352,1,13.1,7,8,493,-96.656,41.5808
39041,Delaware,OH,17418,820,0,13.1,12,28,622,-83.0046,40.2794
18059,Hancock,IN,7601,554,0,13,11,33,230,-85.7768,39.8235
51685,Manassas Park,VA,865,227,0,13,30,74,12,-77.4419,38.7705
23005,Cumberland,ME,33584,1058,6,12.9,6,11,3053,-70.3744,43.8391
39025,Clermont,OH,20479,915,0,12.9,21,40,512,-84.1534,39.0492
51169,Scott,VA,2877,262,0,12.9,5,15,192,-82.6017,36.7147
21049,Clark,KY,3734,347,0,12.8,2,27,138,-84.1504,37.9696
34029,Ocean,NJ,82295,1964,1,12.8,45,152,541,-74.2804,39.8866
42015,Bradford,PA,6956,339,1,12.8,1,16,435,-76.5157,41.7887
42043,Dauphin,PA,28388,1042,3,12.8,16,78,364,-76.7765,40.414
45021,Cherokee,SC,5291,378,0,12.8,12,25,212,-81.6204,35.0514
13217,Newton,GA,8856,673,0,12.7,25,34,260,-83.8458,33.5562
18081,Johnson,IN,14042,878,0,12.7,10,33,426,-86.1015,39.4899
22051,Jefferson,LA,43629,1267,10,12.7,11,12,3636,-90.1112,29.7407
51145,Powhatan,VA,3102,327,0,12.7,17,31,100,-77.9127,37.5502
51800,Suffolk,VA,8053,460,1,12.7,11,25,322,-76.6362,36.7018
13113,Fayette,GA,12956,710,0,12.6,25,34,381,-84.4895,33.4153
17043,DuPage,IL,85856,1796,0,12.6,49,64,1342,-88.0859,41.8515
53035,Kitsap,WA,28270,1059,0,12.6,28,30,942,-122.6436,47.6348
06041,Marin,CA,0,,1,12.5,17,46,0,-122.7221,38.0699
06085,Santa Clara,CA,0,,17,12.5,24,47,0,-121.6978,37.2345
54039,Kanawha,WV,21510,961,1,12.5,3,3,7170,-81.5285,38.3385
12086,Miami-Dade,FL,261647,3919,11,12.4,18,29,9022,-80.5519,25.6111
24027,Howard,MD,27052,1085,0,12.4,50,73,371,-76.9256,39.2532
39039,Defiance,OH,4023,329,1,12.4,3,20,201,-84.4908,41.324
48209,Hays,TX,16457,905,1,12.4,11,17,968,-98.0294,30.0565
04013,Maricopa,AZ,0,,20,12.3,17,20,0,-112.492,33.3488
21011,Bath,KY,1163,157,0,12.3,2,22,53,-83.7456,38.1438
48121,Denton,TX,58436,1599,1,12.3,27,28,2087,-97.1168,33.2055
53067,Thurston,WA,30102,1159,1,12.3,7,44,684,-122.8316,46.9273
22089,St. Charles,LA,4094,383,0,12.2,11,12,341,-90.3549,29.9081
27003,Anoka,MN,29608,968,1,12.2,15,25,1184,-93.2464,45.2729
39011,Auglaize,OH,4744,333,0,12.2,1,31,153,-84.2244,40.5599
44003,Kent,RI,19181,965,0,12.2,21,68,282,-71.5764,41.6711
45063,Lexington,SC,27782,997,2,12.2,3,16,1736,-81.2715,33.8967
12105,Polk,FL,80799,1783,3,12.1,19,30,2693,-81.6978,27.9461
47087,Jackson,TN,1436,216,0,12.1,1,21,68,-85.6724,36.3638
22071,Orleans,LA,34841,1087,1,12,11,12,2903,-89.9266,30.0697
34005,Burlington,NJ,46751,1285,2,12,49,147,318,-74.6694,39.8765
51177,Spotsylvania,VA,11673,666,0,12,15,63,185,-77.6549,38.1859
53011,Clark,WA,44978,1279,2,12,18,19,2367,-122.4829,45.7757
25017,Middlesex,MA,145030,2312,7,11.9,41,57,2544,-71.3882,42.487
13047,Catoosa,GA,6882,568,0,11.8,4,34,202,-85.1376,34.8987
41039,Lane,OR,42443,1295,1,11.8,1,2,21222,-122.8433,43.9381
16001,Ada,ID,42869,1337,3,11.7,3,3,14290,-116.2387,43.4512
17053,Ford,IL,1436,150,2,11.7,4,48,30,-88.2235,40.5969
42037,Columbia,PA,7387,434,0,11.7,4,39,189,-76.4057,41.0481
47163,Sullivan,TN,19352,789,3,11.7,5,13,1489,-82.3041,36.5124
48339,Montgomery,TX,47749,1615,1,11.7,23,27,1768,-95.5057,30.3028
13073,Columbia,GA,12936,900,0,11.6,2,11,1176,-82.2635,33.5454
27049,Goodhue,MN,5132,317,1,11.5,23,27,190,-92.7234,44.4085
47065,Hamilton,TN,37588,1317,3,11.5,4,25,1504,-85.1684,35.1783
06087,Santa Cruz,CA,0,,0,11.4,21,39,0,-121.9976,37.0542
42079,Luzerne,PA,36165,1173,1,11.4,10,67,540,-75.9824,41.1784
42075,Lebanon,PA,15979,775,0,11.3,16,90,178,-76.4548,40.3659
55131,Washington,WI,14066,742,1,11.3,11,39,361,-88.2325,43.3696
13059,Clarke,GA,9135,601,0,11.2,16,38,240,-83.3675,33.9547
20045,Douglas,KS,8749,625,1,11.2,12,13,673,-95.2943,38.8831
13117,Forsyth,GA,17865,823,0,11.1,29,36,496,-84.1231,34.2247
13097,Douglas,GA,9900,649,0,11,29,37,268,-84.7672,33.7027
29031,Cape Girardeau,MO,7941,598,1,11,1,12,662,-89.6844,37.3849
39017,Butler,OH,33195,1088,5,11,22,46,722,-84.5739,39.4403
46099,Minnehaha,SD,14690,728,1,10.9,2,2,7345,-96.7911,43.6744
51031,Campbell,VA,6345,477,1,10.9,3,34,187,-79.0967,37.2055
24031,Montgomery,MD,97899,1984,6,10.8,47,70,1399,-77.2027,39.1371
36115,Washington,NY,6623,490,0,10.8,5,13,509,-73.4303,43.3117
51043,Clarke,VA,1758,250,0,10.7,12,63,28,-77.9918,39.1129
09180,Southeastern Connecticut,CT,0,,1,10.6,19,89,0,-72.0971,41.5047
53005,Benton,WA,17322,836,1,10.6,1,1,17322,-119.5122,46.2394
19145,Page,IA,1925,191,1,10.5,1,9,214,-95.1498,40.7393
18173,Warrick,IN,6630,540,3,10.3,3,10,663,-87.2716,38.0892
33017,Strafford,NH,12067,712,1,10.3,8,43,281,-71.0268,43.296
49035,Salt Lake,UT,73689,1650,2,10.2,4,4,18422,-111.9218,40.6663
34011,Cumberland,NJ,13204,696,2,10.1,35,94,140,-75.1071,39.372
08037,Eagle,CO,0,,1,10,1,24,0,-106.6934,39.6276
12103,Pinellas,FL,136726,2413,1,10,10,23,5945,-82.7229,27.9312
48167,Galveston,TX,29271,1121,1,10,21,26,1126,-94.9047,29.4018
20173,Sedgwick,KS,44286,1564,1,9.9,1,1,44286,-97.4608,37.6843
42017,Bucks,PA,70275,1698,1,9.9,53,158,445,-75.1088,40.3374
42097,Northumberland,PA,10762,492,0,9.9,7,43,250,-76.7086,40.8495
45083,Spartanburg,SC,30490,1094,1,9.9,6,25,1220,-81.9924,34.9294
12119,Sumter,FL,41817,1602,1,9.8,13,34,1230,-82.0797,28.7023
45079,Richland,SC,32726,1180,1,9.8,3,20,1636,-80.9028,34.0163
12011,Broward,FL,189158,3495,10,9.7,24,30,6305,-80.4873,26.1516
21015,Boone,KY,10865,736,0,9.7,17,38,286,-84.7262,38.9706
28121,Rankin,MS,14713,914,3,9.7,4,4,3678,-89.945,32.264
48039,Brazoria,TX,25742,1241,1,9.7,23,26,990,-95.4452,29.1875
17007,Boone,IL,4557,444,0,9.6,6,71,64,-88.8232,42.3237
18057,Hamilton,IN,26603,1212,3,9.6,10,15,1774,-86.0527,40.073
24047,Worcester,MD,8101,503,1,9.6,5,20,405,-75.3319,38.2129
26093,Livingston,MI,19387,749,1,9.6,23,33,587,-83.9129,42.6031
33011,Hillsborough,NH,38504,1279,1,9.6,18,54,713,-71.7167,42.9153
36029,Erie,NY,100271,1900,4,9.6,4,13,7713,-78.7308,42.7634
51041,Chesterfield,VA,32501,1027,6,9.6,11,32,1016,-77.5893,37.3749
18043,Floyd,IN,7779,508,0,9.5,6,22,354,-85.9041,38.321
01101,Montgomery,AL,0,,2,9.4,2,13,0,-86.2091,32.2231
06037,Los Angeles,CA,0,,57,9.4,79,101,0,-118.2281,34.3088
20209,Wyandotte,KS,12013,635,3,9.4,13,13,924,-94.7655,39.1171
51085,Hanover,VA,11360,620,0,9.4,12,60,189,-77.4891,37.7592
13063,Clayton,GA,17626,1037,0,9.3,29,34,518,-84.3563,33.5467
44007,Providence,RI,59369,1618,6,9.3,40,63,942,-71.5775,41.8707
51199,York,VA,6648,497,0,9.1,11,26,256,-76.5472,37.2447
01003,Baldwin,AL,0,,1,9,9,10,0,-87.7225,30.7295
08059,Jefferson,CO,0,,1,9,24,28,0,-105.2518,39.5866
21037,Campbell,KY,8684,484,0,9,18,31,280,-84.3788,38.9438
31153,Sarpy,NE,13287,592,0,9,8,8,1661,-96.1115,41.1133
48329,Midland,TX,10237,769,1,9,2,2,5118,-102.0316,31.869
12005,Bay,FL,17768,776,1,8.9,1,7,2538,-85.6212,30.2655
22017,Caddo,LA,24618,1103,3,8.9,4,5,4924,-93.8844,32.5795
42049,Erie,PA,28271,1005,2,8.9,2,15,1885,-80.033,41.9928
01097,Mobile,AL,0,,4,8.8,5,9,0,-88.2084,30.7847
17201,Winnebago,IL,28345,966,1,8.8,2,71,399,-89.1608,42.3365
36027,Dutchess,NY,30231,967,2,8.8,14,122,248,-73.7421,41.7637
34025,Monmouth,NJ,66012,1497,6,8.7,97,162,407,-74.2241,40.2638
36077,Otsego,NY,6711,387,1,8.7,1,14,479,-75.0329,42.6363
48157,Fort Bend,TX,56170,1946,2,8.7,25,27,2080,-95.7716,29.5266
06081,San Mateo,CA,0,,0,8.6,36,47,0,-122.3277,37.4229
34041,Warren,NJ,11393,656,1,8.6,33,165,69,-74.9971,40.8562
47115,Marion,TN,3170,326,1,8.6,4,25,127,-85.6227,35.13
32003,Clark,NV,190275,2790,4,8.5,4,4,47569,-115.015,36.214
36103,Suffolk,NY,147479,2225,9,8.5,35,128,1152,-72.8014,40.8831
17143,Peoria,IL,17950,753,1,8.4,3,7,2564,-89.7607,40.7879
51179,Stafford,VA,9665,586,0,8.4,27,67,144,-77.459,38.4185
26121,Muskegon,MI,17225,697,1,8.3,5,18,957,-86.1518,43.2912
36001,Albany,NY,31564,1077,3,8.3,5,17,1857,-73.9738,42.6011
51107,Loudoun,VA,24227,986,1,8.3,29,71,341,-77.6348,39.0899
01117,Shelby,AL,0,,2,8.2,11,14,0,-86.6635,33.265
26125,Oakland,MI,126566,2200,6,8.2,22,27,4688,-83.386,42.6609
55133,Waukesha,WI,44194,1330,3,8.2,11,70,631,-88.3034,43.0184
09110,Capitol,CT,0,,2,8.1,16,109,0,-72.5722,41.8189
13151,Henry,GA,16816,1038,1,8.1,25,34,495,-84.1497,33.4527
27013,Blue Earth,MN,5545,356,1,8.1,1,27,205,-94.0671,44.0341
51161,Roanoke,VA,11982,611,0,8,1,15,799,-80.0675,37.2727
55027,Dodge,WI,8727,453,1,8,21,26,336,-88.7093,43.4158
20091,Johnson,KS,52633,1599,3,7.9,13,13,4049,-94.8225,38.8855
44001,Bristol,RI,5669,461,0,7.9,38,61,93,-71.2865,41.7102
53033,King,WA,170709,2601,22,7.9,27,30,5690,-121.8327,47.491
13245,Richmond,GA,17640,995,2,7.8,2,10,1764,-82.0703,33.3578
17113,McLean,IL,13372,585,2,7.8,5,8,1672,-88.8461,40.49
30063,Missoula,MT,10488,635,1,7.8,1,1,10488,-113.9212,47.0369
37135,Orange,NC,12720,649,6,7.8,16,25,509,-79.1217,36.0609
51001,Accomack,VA,4522,391,1,7.8,4,22,206,-75.6323,37.7671
48141,El Paso,TX,63140,1668,5,7.7,5,5,12628,-106.2364,31.7698
48181,Grayson,TX,13675,743,1,7.7,7,28,488,-96.6775,33.6273
49049,Utah,UT,28505,865,1,7.7,3,4,7126,-111.6681,40.1163
51775,Salem,VA,2861,298,0,7.7,1,15,191,-80.0615,37.2814
41067,Washington,OR,47887,1399,4,7.6,18,18,2660,-123.1016,45.5622
47093,Knox,TN,43874,1188,3,7.6,3,13,3375,-83.9468,35.9944
26065,Ingham,MI,22946,830,2,7.5,12,33,695,-84.3747,42.5972
42095,Northampton,PA,34887,1059,2,7.5,26,159,219,-75.3094,40.7517
17097,Lake,IL,58885,1473,1,7.4,51,72,818,-88.0037,42.3225
29019,Boone,MO,13516,740,2,7.4,2,2,6758,-92.3077,38.9908
37089,Henderson,NC,16826,730,1,7.4,10,27,623,-82.4791,35.3363
10003,New Castle,DE,53174,1553,5,7.3,41,120,443,-75.6406,39.5799
25027,Worcester,MA,77963,1753,4,7.2,43,62,1257,-71.904,42.3496
26081,Kent,MI,52352,1457,4,7.2,5,12,4363,-85.549,43.032
28081,Lee,MS,7381,569,1,7.2,1,6,1230,-88.6802,34.2904
48041,Brazos,TX,12744,670,1,7.2,1,33,386,-96.3021,30.6636
23023,Sagadahoc,ME,4789,429,0,7.1,6,8,599,-69.8561,43.956
47157,Shelby,TN,76729,1770,5,7.1,5,6,12788,-89.8969,35.1864
48491,Williamson,TX,45839,1394,2,7.1,8,18,2547,-97.598,30.6472
06077,San Joaquin,CA,0,,2,7,16,47,0,-121.2711,37.9326
51550,Chesapeake,VA,19956,798,2,7,11,25,798,-76.3044,36.6776
51810,Virginia Beach,VA,39694,1213,4,7,11,18,2205,-76.0444,36.7322
26021,Berrien,MI,17421,703,1,6.9,3,58,300,-86.4131,41.9545
36091,Saratoga,NY,24730,969,1,6.8,5,14,1766,-73.8659,43.1087
47187,Williamson,TN,19518,964,2,6.8,15,20,976,-86.8932,35.891
18177,Wayne,IN,7187,483,1,6.7,12,35,205,-85.0104,39.8634
29095,Jackson,MO,62911,1564,5,6.7,13,13,4839,-94.346,39.0094
13223,Paulding,GA,11220,853,1,6.6,24,37,303,-84.8682,33.9195
25009,Essex,MA,81638,1799,2,6.6,33,55,1484,-70.9433,42.6696
37107,Lenoir,NC,6669,526,1,6.6,4,20,333,-77.6437,35.2384
42077,Lehigh,PA,36263,1226,3,6.6,23,156,232,-75.5952,40.6128
42089,Monroe,PA,16526,961,1,6.6,11,153,108,-75.3408,41.0582
51735,Poquoson,VA,1278,170,0,6.5,11,25,51,-76.358,37.1426
21117,Kenton,KY,14358,703,3,6.4,17,32,449,-84.5324,38.9395
24033,Prince George's,MD,80365,1926,1,6.4,48,82,980,-76.848,38.8318
06001,Alameda,CA,0,,6,6.3,38,47,0,-121.8939,37.6473
42011,Berks,PA,41753,1138,1,6.3,22,103,405,-75.9233,40.4154
47141,Putnam,TN,7484,525,1,6.3,1,23,325,-85.5065,36.1401
01073,Jefferson,AL,0,,9,6.2,11,14,0,-86.8945,33.5548
22001,Acadia,LA,5096,379,1,6.2,3,4,1274,-92.4077,30.2973
24045,Wicomico,MD,9484,627,2,6.2,6,59,161,-75.6274,38.3729
34035,Somerset,NJ,31930,1240,1,6.2,95,159,201,-74.6145,40.5641
47179,Washington,TN,13464,710,1,6.2,7,15,898,-82.4945,36.2947
51590,Danville,VA,5430,387,0,6.2,8,23,236,-79.404,36.5802
32029,Storey,NV,794,224,1,6.1,4,4,198,-119.5247,39.4518
40109,Oklahoma,OK,63455,1908,8,6.1,8,13,4881,-97.4071,35.5514
48135,Ector,TX,8815,623,1,6.1,2,2,4408,-102.5429,31.869
34021,Mercer,NJ,33634,1251,4,6,78,157,214,-74.7025,40.2798
39099,Mahoning,OH,27889,1032,1,6,5,30,930,-80.7729,41.0163
13089,DeKalb,GA,59256,1782,3,5.9,32,34,1743,-84.222,33.769
19033,Cerro Gordo,IA,5426,422,2,5.9,2,12,452,-93.2612,43.0818
27053,Hennepin,MN,105827,1974,7,5.9,15,25,4233,-93.4783,45.0072
34027,Morris,NJ,50118,1428,3,5.9,98,162,309,-74.5418,40.8638
39089,Licking,OH,16774,696,1,5.8,13,24,699,-82.4819,40.0914
48201,Harris,TX,299328,4241,21,5.8,24,27,11086,-95.3966,29.8614
06067,Sacramento,CA,0,,8,5.7,11,47,0,-121.3417,38.4499
39113,Montgomery,OH,55681,1371,5,5.7,19,42,1326,-84.2906,39.7547
48183,Gregg,TX,11187,750,1,5.7,2,6,1864,-94.8158,32.4798
51520,Bristol,VA,2283,313,0,5.7,5,11,208,-82.1601,36.6167
51510,Alexandria,VA,11170,639,0,5.6,48,83,135,-77.0818,38.814
49057,Weber,UT,17230,747,1,5.4,2,4,4308,-111.9146,41.2712
13077,Coweta,GA,12099,739,1,5.3,14,34,356,-84.759,33.3533
36045,Jefferson,NY,9197,505,1,5.3,1,8,1150,-75.9459,44.0417
42093,Montour,PA,2214,234,3,5.3,4,29,76,-76.663,41.0312
55073,Marathon,WI,13642,620,1,5.3,1,2,6821,-89.7586,44.8979
09170,South Central Connecticut,CT,0,,8,5.2,26,127,0,-72.8437,41.3591
18003,Allen,IN,33136,1091,1,5.2,2,14,2367,-85.068,41.0919
37183,Wake,NC,80915,1976,4,5.2,13,24,3371,-78.6507,35.788
54011,Cabell,WV,10325,659,2,5.2,3,5,2065,-82.2397,38.4207
31055,Douglas,NE,44688,1139,6,5.1,7,8,5586,-96.1509,41.2953
39015,Brown,OH,4342,396,1,5.1,17,38,114,-83.867,38.9332
45045,Greenville,SC,49284,1594,3,5.1,10,28,1760,-82.3724,34.8949
06019,Fresno,CA,0,,3,5,4,4,0,-119.6481,36.7576
13021,Bibb,GA,14861,749,1,5,1,29,512,-83.705,32.8089
39169,Wayne,OH,11758,552,1,5,9,25,470,-81.8885,40.8293
48029,Bexar,TX,144908,2702,8,5,9,17,8524,-98.5191,29.4507
36119,Westchester,NY,100289,2101,6,4.9,102,133,754,-73.7561,41.1606
51069,Frederick,VA,9197,595,0,4.9,4,66,139,-78.2597,39.2017
51600,Fairfax,VA,2000,239,0,4.9,38,77,26,-77.3008,38.8517
25001,Barnstable,MA,40943,1175,1,4.8,2,44,931,-70.2918,41.7299
36055,Monroe,NY,76789,1605,7,4.8,7,16,4799,-77.6974,43.1448
51191,Washington,VA,7047,523,1,4.8,5,12,587,-81.9563,36.7236
17167,Sangamon,IL,20921,813,2,4.7,2,18,1162,-89.6615,39.7573
36087,Rockland,NY,29675,1040,1,4.7,89,138,215,-74.0246,41.1534
13121,Fulton,GA,75956,1961,9,4.6,29,37,2053,-84.467,33.7889
26049,Genesee,MI,41394,1232,1,4.5,11,31,1335,-83.7061,43.0224
26077,Kalamazoo,MI,22999,878,1,4.5,6,21,1095,-85.5309,42.2454
27123,Ramsey,MN,47093,1260,2,4.5,16,25,1884,-93.0988,45.0164
44009,Washington,RI,15915,731,1,4.5,11,70,227,-71.6144,41.4596
08014,Broomfield,CO,0,,0,4.4,27,28,0,-105.0598,39.956
13219,Oconee,GA,3663,330,2,4.4,17,39,94,-83.4368,33.8374
17197,Will,IL,53775,1459,1,4.4,48,57,943,-87.9784,41.445
35001,Bernalillo,NM,66519,1788,3,4.4,4,4,16630,-106.6697,35.05
12117,Seminole,FL,43727,1577,1,4.3,17,34,1286,-81.2426,28.7168
37147,Pitt,NC,14023,943,2,4.3,3,22,637,-77.3717,35.5951
42071,Lancaster,PA,58856,1393,3,4.3,27,114,516,-76.2472,40.038
18141,St. Joseph,IN,24999,923,1,4.2,2,55,455,-86.2904,41.6176
19153,Polk,IA,37947,1218,2,4.2,2,2,18974,-93.5767,41.6852
39003,Allen,OH,10451,535,1,4.1,2,22,475,-84.108,40.7729
39095,Lucas,OH,40974,1180,2,4.1,10,30,1366,-83.6544,41.6222
45051,Horry,SC,49975,1509,2,4,3,10,4998,-78.9955,33.9214
48423,Smith,TX,22663,1059,1,4,2,20,1133,-95.2701,32.3757
13051,Chatham,GA,27516,1207,2,3.9,2,6,4586,-81.1249,32.0004
39061,Hamilton,OH,75888,1681,8,3.9,23,43,1765,-84.5458,39.1969
48231,Hunt,TX,8800,537,1,3.9,18,30,293,-96.0854,33.1234
51680,Lynchburg,VA,6632,499,0,3.9,2,25,265,-79.1988,37.4001
54061,Monongalia,WV,7434,498,2,3.9,4,19,391,-80.0412,39.6325
55079,Milwaukee,WI,75068,1743,6,3.9,11,71,1057,-87.9672,43.0047
06013,Contra Costa,CA,0,,5,3.8,39,47,0,-121.9243,37.9218
09190,Western Connecticut,CT,0,,4,3.8,88,131,0,-73.4476,41.3215
12073,Leon,FL,23824,979,1,3.8,1,2,11912,-84.2806,30.4619
13057,Cherokee,GA,23088,1128,3,3.7,29,37,624,-84.4743,34.2433
26099,Macomb,MI,87682,1681,2,3.7,20,26,3372,-82.9276,42.6915
36067,Onondaga,NY,47739,1225,5,3.7,5,15,3183,-76.1927,43.0076
48309,McLennan,TX,22215,1037,1,3.7,1,32,694,-97.2022,31.5526
24001,Allegany,MD,7786,417,1,3.6,3,37,210,-78.6928,39.6236
42091,Montgomery,PA,88807,1767,3,3.6,48,168,529,-75.3656,40.2104
51740,Portsmouth,VA,8698,504,0,3.5,11,23,378,-76.3651,36.8632
13247,Rockdale,GA,8264,657,2,3.4,30,34,243,-84.0218,33.6536
37067,Forsyth,NC,36548,1182,5,3.4,7,33,1108,-80.2552,36.1291
48439,Tarrant,TX,142794,2506,8,3.4,26,29,4924,-97.2911,32.7719
34017,Hudson,NJ,50821,1576,1,3.3,99,160,318,-74.0786,40.7337
42051,Fayette,PA,15472,687,2,3.3,18,20,774,-79.642,39.9199
51059,Fairfax,VA,89520,1755,6,3.3,38,77,1163,-77.2747,38.8357
27163,Washington,MN,23686,845,5,3.2,16,25,947,-92.8849,45.0378
45019,Charleston,SC,40284,1397,4,3.2,4,9,4476,-79.9525,32.8316
51710,Norfolk,VA,16947,697,2,3.2,11,23,737,-76.2645,36.8988
53063,Spokane,WA,50288,1416,1,3.2,1,1,50288,-117.4047,47.6213
13045,Carroll,GA,9485,651,1,3.1,11,41,231,-85.0779,33.5802
26073,Isabella,MI,4767,263,1,3.1,1,10,477,-84.8466,43.6406
48453,Travis,TX,75888,1892,6,3.1,9,19,3994,-97.7857,30.3357
51650,Hampton,VA,12788,650,1,3.1,11,25,512,-76.3591,37.0365
06059,Orange,CA,0,,25,3,85,119,0,-117.7651,33.702
17031,Cook,IL,458142,4745,46,3,49,64,7158,-87.8174,41.8405
21111,Jefferson,KY,74205,1685,6,2.9,6,22,3373,-85.6588,38.1857
21173,Montgomery,KY,2773,334,1,2.9,2,27,103,-83.9145,38.0325
24003,Anne Arundel,MD,50586,1500,5,2.9,47,82,617,-76.6011,39.0044
27109,Olmsted,MN,14867,749,8,2.9,9,27,551,-92.4021,44.0037
34007,Camden,NJ,48185,1449,9,2.9,43,161,299,-74.9641,39.8035
39153,Summit,OH,57042,1482,2,2.9,12,29,1967,-81.5313,41.1246
05119,Pulaski,AR,0,,4,2.8,4,4,0,-92.3084,34.769
08035,Douglas,CO,0,,2,2.8,23,28,0,-104.9298,39.3313
51013,Arlington,VA,14712,721,0,2.8,48,81,182,-77.1014,38.8768
01089,Madison,AL,0,,1,2.7,2,30,0,-86.5507,34.7633
09140,Naugatuck Valley,CT,0,,1,2.6,35,129,0,-73.0879,41.5158
12009,Brevard,FL,80747,2017,5,2.6,15,23,3511,-80.7324,28.296
39119,Muskingum,OH,8809,557,1,2.6,3,18,489,-81.9458,39.9664
41051,Multnomah,OR,63587,1451,11,2.6,18,18,3533,-122.424,45.5459
51003,Albemarle,VA,12699,625,5,2.6,6,31,410,-78.5553,38.021
36059,Nassau,NY,140742,2462,10,2.5,101,153,920,-73.5927,40.7385
37063,Durham,NC,26479,1179,3,2.5,14,25,1059,-78.8745,36.0339
48113,Dallas,TX,167319,2887,14,2.5,27,30,5577,-96.7778,32.7667
50007,Chittenden,VT,15343,772,2,2.5,2,3,5114,-73.0794,44.4638
51770,Roanoke,VA,10300,608,1,2.5,2,16,644,-79.9655,37.2789
12095,Orange,FL,102546,2296,8,2.4,17,33,3107,-81.3213,28.5125
13067,Cobb,GA,57075,1641,2,2.4,29,37,1543,-84.5755,33.9425
19103,Johnson,IA,10977,600,4,2.4,4,4,2744,-91.5875,41.6716
39035,Cuyahoga,OH,135300,2119,7,2.4,11,18,7517,-81.6581,41.4247
47079,Henry,TN,4193,363,1,2.4,1,18,233,-88.3011,36.3318
08031,Denver,CO,0,,10,2.3,24,28,0,-104.8787,39.7584
09120,Greater Bridgeport,CT,0,,1,2.3,74,126,0,-73.2379,41.2359
21067,Fayette,KY,26216,1019,1,2.3,2,26,1008,-84.4602,38.0374
21177,Muhlenberg,KY,3411,322,1,2.3,1,20,171,-87.1463,37.2143
24041,Talbot,MD,6131,489,1,2.3,19,94,65,-76.1088,38.7662
37081,Guilford,NC,48085,1384,2,2.3,16,34,1414,-79.7883,36.0796
51700,Newport News,VA,14746,742,1,2.3,11,24,614,-76.518,37.0813
54057,Mineral,WV,3234,387,1,2.3,4,28,116,-78.941,39.4156
12057,Hillsborough,FL,122634,2422,7,2.2,13,27,4542,-82.32,27.9311
34013,Essex,NJ,69245,1939,4,2.2,97,161,430,-74.2453,40.7867
42041,Cumberland,PA,27489,1107,2,2.2,9,75,367,-77.2614,40.162
51760,Richmond,VA,17938,902,1,2.2,11,44,408,-77.4709,37.5264
55009,Brown,WI,23217,1119,1,2.2,1,10,2322,-88.0041,44.4527
11001,District of Columbia,DC,49945,1545,11,2.1,48,75,666,-77.0166,38.9042
26163,Wayne,MI,162512,2557,4,2.1,23,28,5804,-83.2817,42.281
13135,Gwinnett,GA,58322,1942,6,2,31,34,1715,-84.0246,33.9628
17089,Kane,IL,42239,1513,1,2,50,70,603,-88.4287,41.9385
37021,Buncombe,NC,31677,1282,5,2,7,24,1320,-82.5302,35.6118
37119,Mecklenburg,NC,75928,1784,8,2,11,28,2712,-80.8281,35.2441
25021,Norfolk,MA,71233,1667,6,1.9,40,52,1370,-71.2084,42.1606
40143,Tulsa,OK,56479,1438,5,1.8,5,13,4345,-95.9403,36.1194
51087,Henrico,VA,32344,1232,4,1.8,11,51,634,-77.4028,37.5363
21125,Laurel,KY,5686,528,1,1.7,1,8,711,-84.1132,37.1098
24005,Baltimore,MD,86542,1920,6,1.7,43,105,824,-76.6282,39.459
25013,Hampden,MA,46181,1317,4,1.7,10,84,550,-72.6344,42.1343
51610,Falls Church,VA,1180,217,0,1.7,48,87,14,-77.1754,38.8846
29189,St. Louis,MO,106526,1930,7,1.6,11,15,7102,-90.4448,38.6379
36047,Kings,NY,230881,3280,5,1.5,105,159,1452,-73.9474,40.6308
37025,Cabarrus,NC,17385,980,2,1.5,15,29,599,-80.5514,35.3886
39049,Franklin,OH,95185,1972,11,1.4,12,33,2884,-83.0129,39.971
06075,San Francisco,CA,0,,6,1.3,36,47,0,-122.4386,37.7522
36085,Richmond,NY,46407,1505,1,1.3,99,161,288,-74.1481,40.5858
42003,Allegheny,PA,138777,2180,13,1.3,15,23,6034,-79.9845,40.4689
47037,Davidson,TN,51375,1582,13,1.3,15,19,2704,-86.7879,36.1681
12031,Duval,FL,85849,2213,8,1.2,9,14,6132,-81.6699,30.3304
18097,Marion,IN,71290,1709,7,1.2,10,26,2742,-86.1392,39.7811
36081,Queens,NY,226601,3318,5,1.2,102,158,1434,-73.8227,40.7145
22055,Lafayette,LA,19529,910,2,1.1,3,4,4882,-92.0685,30.2077
12001,Alachua,FL,23411,1049,4,1,4,21,1115,-82.3573,29.6768
34003,Bergen,NJ,94865,2061,4,1,98,158,600,-74.0729,40.9593
51540,Charlottesville,VA,3381,388,1,1,6,42,80,-78.4803,38.0384
55025,Dane,WI,45287,1440,10,1,12,27,1677,-89.4166,43.0656
42045,Delaware,PA,55564,1385,2,0.9,46,155,358,-75.4007,39.9148
42133,York,PA,46045,1376,4,0.9,27,110,419,-76.7306,39.9213
24510,Baltimore,MD,50895,1465,9,0.8,49,103,494,-76.6101,39.3015
25025,Suffolk,MA,58104,1619,13,0.8,41,57,1019,-71.0786,42.3281
36061,New York,NY,168653,3701,31,0.8,105,160,1054,-73.9687,40.7778
29510,St. Louis,MO,24488,1047,4,0.7,11,13,1884,-90.244,38.6369
34023,Middlesex,NJ,75173,1872,4,0.7,95,165,456,-74.4101,40.4392
42101,Philadelphia,PA,134068,3144,14,0.7,53,165,813,-75.1341,40.0074
36005,Bronx,NY,118339,2776,4,0.6,102,158,749,-73.8512,40.8498
37129,New Hanover,NC,24328,1028,3,0.5,3,7,3475,-77.8708,34.2576
26161,Washtenaw,MI,30834,1028,8,0.4,23,29,1063,-83.8391,42.2531
13139,Hall,GA,18086,914,2,0.3,25,39,464,-83.818,34.3219
34039,Union,NJ,47966,1512,2,0.3,97,161,298,-74.3089,40.6597
51840,Winchester,VA,2691,332,1,0.2,5,65,41,-78.1738,39.171
51630,Fredericksburg,VA,1809,219,1,0,18,68,27,-77.4868,38.2989
